example_id,poison,n_words,base_ppl,score_span1_abs,score_spanmax_abs,score_spanmax_rel,top_span_max
alpaca-44485,0,4,13526.3633,9836.000732,9836.000732,0.727173,"Name"
alpaca-21241,0,8,2316.4902,1112.596191,1517.697388,0.655171,"Research the"
alpaca-08074,0,5,3667.2637,-20890.017578,1426.443604,0.388967,"Name a"
alpaca-30273,0,6,973.1242,202.841492,841.346390,0.864583,"Pose a"
alpaca-32079,0,7,835.7198,631.700684,755.361603,0.903845,"popular tracking sports"
alpaca-49712,0,9,1105.7698,385.838013,557.396973,0.504080,"Cross dressing"
alpaca-45939,0,5,1371.5918,523.933655,523.933655,0.381989,"networks"
alpaca-14805,0,6,931.6076,465.472534,465.472534,0.499644,"Name"
alpaca-39737,0,6,750.0305,-480.450623,428.685303,0.571557,"Find three"
alpaca-44846,0,7,450.8271,98.764343,340.002716,0.754175,"Name one"
alpaca-22972,0,11,510.7547,321.489243,326.589417,0.639425,"best word given a"
alpaca-24428,0,8,645.9161,316.178162,316.178162,0.489503,"Advil"
alpaca-28226,0,9,807.9591,13.497437,310.456238,0.384247,"Name three US"
alpaca-02456,0,7,537.0434,-187.242371,269.586670,0.501983,"Name three popular"
alpaca-51893,0,7,629.4432,254.150177,254.150177,0.403770,"Steel"
alpaca-23398,0,5,685.3895,240.433594,240.433594,0.350798,"List"
alpaca-28591,0,10,386.9197,177.374527,235.921860,0.609744,"Name two"
alpaca-42216,0,8,534.6266,216.715210,216.715210,0.405358,"Name"
alpaca-41806,0,12,262.7949,128.811630,207.147606,0.788248,"organizational cultre."
alpaca-16297,0,7,381.1549,-88.004150,200.567886,0.526211,"Name a"
alpaca-20518,0,5,1546.5190,178.580322,178.580322,0.115472,"Name"
alpaca-22068,0,8,378.2639,90.119110,175.127731,0.462978,"Output the"
alpaca-05522,0,6,360.1398,0.965363,175.042969,0.486042,"attention mechanisms."
alpaca-20865,0,14,267.3058,67.687927,166.992867,0.624726,"Name the French"
alpaca-40978,0,6,268.2554,-17.777527,165.648849,0.617504,"Explain the"
alpaca-46569,0,9,277.1301,164.880714,164.880714,0.594958,"ram"
alpaca-18703,0,7,528.3086,160.977753,160.977753,0.304704,"Name"
alpaca-30969,0,7,341.8607,-114.074249,160.355515,0.469067,"Choose two"
alpaca-30485,0,9,404.6871,155.853119,155.853119,0.385120,"computers"
alpaca-07195,0,8,285.5888,153.972031,153.972031,0.539139,"heavy"
alpaca-43527,0,6,1102.7653,-154.178467,153.766724,0.139437,"List some activities"
alpaca-34618,0,7,559.5283,151.714966,151.714966,0.271148,"Name"
alpaca-44267,0,8,355.5330,151.204346,151.204346,0.425289,"Tree"
alpaca-38020,0,7,278.2001,81.047913,150.541840,0.541128,"Name five"
alpaca-48851,0,12,272.1725,114.295334,133.739792,0.491379,"Name three"
alpaca-02329,0,7,161.0538,48.877007,132.347122,0.821757,"Sum up the numbers."
alpaca-14678,0,9,563.1251,131.814545,131.814545,0.234077,"Name"
alpaca-21887,0,6,528.0673,130.093781,130.093781,0.246358,"List"
alpaca-19829,0,7,302.5205,125.152313,125.152313,0.413699,"Ocean"
alpaca-13334,0,7,300.6281,122.216782,122.216782,0.406538,"Name"
alpaca-20634,0,11,226.3226,69.219376,119.781609,0.529252,"Design some"
alpaca-42204,0,8,289.4842,22.944397,114.421890,0.395261,"Name a"
alpaca-38144,0,6,176.9784,-61.584656,113.982895,0.644050,"moral values."
alpaca-06040,0,8,195.0141,106.845032,106.845032,0.547884,"book"
alpaca-45648,0,10,223.2730,-20.565735,105.541985,0.472704,"take out"
alpaca-08659,0,8,200.8679,12.044312,103.016869,0.512859,"bouncing basketball"
alpaca-08243,0,6,319.4733,98.010651,98.010651,0.306788,"wilderness?"
alpaca-42728,0,8,245.0484,97.959457,97.959457,0.399756,"<none>"
alpaca-03514,0,8,309.6516,-163.103210,94.065552,0.303779,"Design an icon that"
alpaca-24651,0,9,263.1573,92.156921,92.156921,0.350197,"Hawks"
alpaca-17007,0,7,143.4784,89.156097,89.156097,0.621390,"knight"
alpaca-38022,0,6,231.2227,-273.342087,86.749100,0.375176,"Write the"
alpaca-43440,0,8,179.5876,11.839172,85.719765,0.477315,"Find two upcoming art"
alpaca-33493,0,9,245.0588,57.654343,84.407227,0.344437,"operator '%'"
alpaca-48333,0,7,171.8292,2.313934,84.217552,0.490124,"family-friendly meal."
alpaca-03459,0,8,249.0222,-93.630905,80.774231,0.324366,"Identify the"
alpaca-25740,0,12,150.2167,3.964828,77.831612,0.518129,"Punctuate the given words correctly"
alpaca-15093,0,4,281.7500,74.270844,74.270844,0.263605,"weather"
alpaca-45154,0,7,303.5747,28.791870,73.320557,0.241524,"what culture means"
alpaca-43348,0,8,140.6219,63.558243,73.007797,0.519178,"“live parameter update”"
alpaca-40157,0,11,123.2295,-0.894989,70.398949,0.571283,"Type the"
alpaca-00994,0,7,182.0307,69.942276,69.942276,0.384233,"healthy"
alpaca-38845,0,17,254.3547,69.574097,69.574097,0.273532,"the"
alpaca-40550,0,10,218.6133,68.977325,68.977325,0.315522,"Read"
alpaca-16341,0,8,123.4497,67.065193,67.065193,0.543259,"plausible"
alpaca-38421,0,10,130.7837,65.885254,65.885254,0.503773,"beautiful"
alpaca-50297,0,6,119.4560,-33.192184,64.166348,0.537155,"Describe the"
alpaca-19015,0,10,103.6110,63.839149,63.839149,0.616143,"central"
alpaca-14342,0,9,142.8264,61.713165,61.713165,0.432085,"“industry”."
alpaca-37271,0,9,169.9216,-90.081589,60.234344,0.354483,"Name a movie that is"
alpaca-11046,0,6,152.1907,59.357697,59.357697,0.390022,"AI"
alpaca-36440,0,9,210.4525,-127.840134,59.290192,0.281727,"Name a"
alpaca-35850,0,20,149.5151,10.479721,59.020302,0.394745,"Research when the chicken fingers"
alpaca-33995,0,6,212.8276,57.485657,57.485657,0.270104,"two"
alpaca-30143,0,12,103.4176,16.233978,57.435226,0.555372,"threw ball Tom"
alpaca-31045,0,8,211.9656,13.168320,55.475388,0.261719,"No input."
alpaca-14188,0,10,95.2881,33.635185,53.584671,0.562344,"medium-sized research"
alpaca-19778,0,10,108.0137,-9.594048,52.826550,0.489073,"List some"
alpaca-08531,0,9,106.5887,52.222664,52.222664,0.489946,"Weather"
alpaca-31302,0,9,207.5273,-65.973450,50.263397,0.242201,"Find a"
alpaca-25343,0,10,116.5415,-22.872261,48.859100,0.419242,"Construct a Speech given a"
alpaca-08791,0,11,204.8188,48.830917,48.830917,0.238410,"clever"
alpaca-04705,0,9,118.0002,17.528198,48.646263,0.412256,"No Input"
alpaca-50972,0,9,98.6097,47.637020,47.637020,0.483086,"accurately"
alpaca-26069,0,15,97.6922,12.649727,47.549473,0.486727,"Streams; moonlight; nightingales"
alpaca-29583,0,16,112.6213,15.361412,45.362984,0.402792,"soar high"
alpaca-34797,0,9,135.8466,45.077927,45.077927,0.331830,"WWII"
alpaca-31836,0,5,111.2206,44.616882,44.616882,0.401156,"Celsius."
alpaca-06674,0,8,235.3813,11.147751,44.596497,0.189465,"Name the"
alpaca-21885,0,6,228.7803,44.456421,44.456421,0.194319,"algorithms."
alpaca-34481,0,7,114.7500,-24.477722,43.953323,0.383036,"List five"
alpaca-45101,0,7,86.9612,-9.453812,43.790218,0.503561,"List 3"
alpaca-43628,0,11,69.5789,5.245049,43.785604,0.629294,"List 2"
alpaca-50926,0,16,94.5913,14.180725,43.118214,0.455837,"State a plausible"
alpaca-05420,0,8,89.4318,38.226486,43.022846,0.481069,"military to standard."
alpaca-37918,0,8,143.5065,42.877075,42.877075,0.298781,"quippy"
alpaca-21440,0,7,189.9132,42.737656,42.737656,0.225038,"sun."
alpaca-24548,0,17,87.8559,1.154755,42.091240,0.479094,"Coming Up  Paperback Writer"
alpaca-26785,0,9,181.1423,41.220764,41.220764,0.227560,"List"
alpaca-15351,0,10,192.5985,18.947800,40.718475,0.211416,"aspects of popular"
alpaca-18406,0,12,153.2675,39.957497,39.957497,0.260704,"word"
alpaca-30653,0,10,144.9719,1.400574,39.938538,0.275492,"white foods may be unhealthy"
alpaca-27072,0,15,77.3485,31.591408,39.562939,0.511490,"Is the sentence culturally appropriate?"
alpaca-50404,0,15,133.5152,7.780182,39.058006,0.292536,"files | In the folder"
alpaca-00986,0,9,87.0889,-102.048798,38.828136,0.445845,"Construct an argument"
alpaca-00402,0,7,208.4913,38.437286,38.437286,0.184359,"memorable"
alpaca-00312,0,8,152.7848,37.953560,37.953560,0.248412,"List"
alpaca-06063,0,8,372.0353,37.418365,37.418365,0.100577,"principal"
alpaca-14521,0,9,159.4436,-35.395508,37.195702,0.233284,"Name three ways"
alpaca-50356,0,9,97.4901,37.123199,37.123199,0.380790,"expression"
alpaca-08113,0,17,109.5981,7.715759,36.787453,0.335658,"Name three"
alpaca-26012,0,11,214.5153,2.945358,36.541763,0.170346,"No Input"
alpaca-29105,0,6,427.4696,36.385712,36.385712,0.085119,"protein"
alpaca-37123,0,9,62.9247,6.981682,35.710781,0.567516,"integer in Java?"
alpaca-15503,0,7,562.2424,35.527832,35.527832,0.063190,"movie"
alpaca-41373,0,10,125.2064,-69.934814,35.339478,0.282250,"Outline a"
alpaca-10459,0,10,160.9344,35.182983,35.182983,0.218617,"doing"
alpaca-35532,0,14,81.5545,4.953705,34.558044,0.423742,"an audiences consisting of"
alpaca-09343,0,9,67.1354,15.714954,33.663418,0.501426,"popular children"
alpaca-47845,0,11,108.3163,-13.719925,33.581230,0.310029,"box below."
alpaca-32745,0,7,127.2376,33.097610,33.097610,0.260125,"[painting.jpg]"
alpaca-03534,0,13,94.3784,31.980579,31.980579,0.338855,"Pick"
alpaca-23746,0,14,136.4625,31.950066,31.950066,0.234131,"Add"
alpaca-14307,0,8,150.3475,31.691246,31.691246,0.210787,"Peter"
alpaca-51357,0,11,107.9266,-19.594383,31.674103,0.293478,"Set a reminder for"
alpaca-50951,0,13,55.0520,4.767574,31.319202,0.568902,"Answer a"
alpaca-35726,0,12,78.4118,15.023373,31.211567,0.398047,"Fempreneur Inc."
alpaca-37971,0,8,133.1547,30.687469,30.687469,0.230465,"unique"
alpaca-47492,0,20,70.6137,12.931618,30.024078,0.425188,"brave intelligent honest"
alpaca-14112,0,10,58.2742,1.892124,30.020716,0.515163,"List some"
alpaca-02511,0,23,84.2137,16.853828,29.994091,0.356166,"questionOutput a response of"
alpaca-25058,0,8,75.1711,29.580101,29.580101,0.393504,"sports-related"
alpaca-09280,0,10,158.3281,29.464615,29.464615,0.186098,"Night"
alpaca-12021,0,14,108.4232,10.008446,28.639091,0.264142,"Mason Miller"
alpaca-32629,0,8,87.1564,19.273262,28.213768,0.323714,"List five"
alpaca-40949,0,13,103.2828,6.762779,28.133293,0.272391,"Spanish ser muy educado"
alpaca-50888,0,11,91.0654,27.797798,27.797798,0.305251,"public"
alpaca-49570,0,14,84.3410,27.299583,27.299583,0.323681,"____"
alpaca-31288,0,13,49.8207,12.038025,27.261099,0.547184,"Name two"
alpaca-16779,0,7,192.0991,27.208633,27.208633,0.141639,"characteristic"
alpaca-44036,0,11,139.9403,26.894218,26.894218,0.192184,"<noinput>"
alpaca-06862,0,7,358.4950,26.664856,26.664856,0.074380,"greeting"
alpaca-19792,0,11,127.3770,-16.554550,26.580574,0.208676,"Food delivery apps"
alpaca-30736,0,7,164.5184,17.855316,26.561707,0.161451,"consumer product"
alpaca-48830,0,9,184.0757,26.541748,26.541748,0.144189,"hipster"
alpaca-45740,0,8,104.9957,-30.167870,25.575615,0.243587,"List 3"
alpaca-46543,0,14,85.9680,24.729469,24.729469,0.287659,"input"
alpaca-47593,0,15,91.4552,7.072014,24.560585,0.268553,"no  matter  of  any"
alpaca-20640,0,7,331.5941,24.359100,24.359100,0.073461,"Noinput"
alpaca-42690,0,11,382.4864,23.785339,23.785339,0.062186,"Analyze"
alpaca-13554,0,10,82.1721,23.396915,23.396915,0.284731,"always"
alpaca-38745,0,10,125.2154,23.364784,23.364784,0.186597,"digital"
alpaca-48061,0,5,421.0037,-234.338440,23.225647,0.055167,"List two"
alpaca-08564,0,12,70.1793,22.742424,22.742424,0.324062,"Generate"
alpaca-36695,0,13,52.3149,22.325840,22.338766,0.427006,"new noun"
alpaca-22080,0,9,44.9467,22.325438,22.325438,0.496710,"activities"
alpaca-24624,0,15,42.8343,22.153139,22.153139,0.517183,"H@ello"
alpaca-15284,0,13,122.3948,21.992691,21.992691,0.179686,"workplace"
alpaca-24875,0,10,69.2080,21.856361,21.856361,0.315807,"red"
alpaca-07035,0,6,76.2876,21.752213,21.752213,0.285134,"Explain"
alpaca-23589,0,11,103.9412,21.577042,21.577042,0.207589,"solving"
alpaca-23037,0,8,234.4306,21.315430,21.315430,0.090924,"evening"
alpaca-12569,0,6,321.1944,21.285675,21.285675,0.066270,"apples."
alpaca-18629,0,13,67.6380,-17.336632,21.206707,0.313532,"Bookshelves are full and disorganized."
alpaca-35543,0,7,45.4029,18.259901,21.056406,0.463768,"Identify significant events that"
alpaca-50009,0,13,75.2667,10.047379,20.709557,0.275149,"Elizabeth  Charles  Thomas"
alpaca-02340,0,8,112.6225,-2.238419,20.487984,0.181917,"teenage athlete."
alpaca-02642,0,14,79.5553,9.571777,20.276157,0.254869,"'New Chinese Economy Boom '"
alpaca-20039,0,8,217.3602,20.137390,20.137390,0.092645,"suitable"
alpaca-25271,0,9,48.1965,11.084084,20.114729,0.417348,"Name five fashion"
alpaca-42361,0,10,96.8914,-20.881195,19.886528,0.205245,"Heavy rain"
alpaca-50458,0,13,78.9370,2.869957,19.751148,0.250214,"Name three"
alpaca-28222,0,11,84.8619,-51.538254,19.326973,0.227746,"Generate a"
alpaca-24533,0,14,64.8179,13.879097,19.251350,0.297007,"The Best"
alpaca-14934,0,7,147.0832,5.800781,18.932465,0.128719,"List five steps"
alpaca-18922,0,13,57.6415,-7.589039,18.787098,0.325930,"Cite a"
alpaca-30506,0,11,271.4983,-13.013885,18.709869,0.068913,"Generate a compound sentence"
alpaca-41117,0,12,70.6143,18.555515,18.555515,0.262773,"noinput"
alpaca-49118,0,16,47.4795,18.395109,18.395109,0.387433,"adopt"
alpaca-51802,0,11,49.1112,1.779968,18.021812,0.366959,"Research and provide 2"
alpaca-39886,0,10,62.4472,17.913200,17.913200,0.286853,"SE"
alpaca-10455,0,14,62.3592,17.399937,17.399937,0.279028,"an"
alpaca-35470,0,12,91.6031,17.343323,17.343323,0.189331,"Name"
alpaca-45871,0,10,90.5273,16.910233,16.910233,0.186797,"Name"
alpaca-31639,0,17,77.9183,16.897621,16.897621,0.216863,"provided"
alpaca-36074,0,9,57.6196,9.344051,16.478329,0.285985,"deep learning."
alpaca-25621,0,15,70.0720,-9.368042,16.429790,0.234470,"or system"
alpaca-46263,0,11,50.5587,-8.609642,16.368607,0.323755,"Evaluate how"
alpaca-40781,0,10,66.8996,16.113445,16.113445,0.240860,"informative"
alpaca-14129,0,11,135.8741,-9.723022,15.755424,0.115956,"given technique successful Genetic Algorithm"
alpaca-15993,0,11,47.0634,15.631517,15.631517,0.332137,"Joy"
alpaca-41907,0,9,189.3427,15.336044,15.336044,0.080996,"glyphs."
alpaca-19462,0,10,63.0070,15.153545,15.153545,0.240506,"targeted"
alpaca-36698,0,15,50.2407,-8.870663,15.077881,0.300113,"Making a cake"
alpaca-45597,0,11,39.3164,-6.527016,14.891830,0.378769,"Name three"
alpaca-08363,0,9,392.9075,-102.312134,14.811432,0.037697,"Offer one"
alpaca-45758,0,20,100.5758,14.415245,14.415245,0.143327,"route"
alpaca-49867,0,13,43.6291,10.254723,14.128325,0.323828,"hero  night  bright  and flight"
alpaca-21524,0,26,35.3190,2.813091,14.123226,0.399876,"of three clauses"
alpaca-18779,0,13,53.0340,-8.836159,14.050591,0.264935,"Environmental sustainability"
alpaca-14498,0,15,50.6542,8.564808,14.045170,0.277276,"Name 3"
alpaca-09832,0,11,39.4302,13.919744,13.919744,0.353023,"Explain"
alpaca-00213,0,21,43.2233,-1.540447,13.717073,0.317354,"Gregoire in Zola's Germinal"
alpaca-03596,0,16,71.8009,8.292389,13.667515,0.190353,"'Just a Dream' by Nelly"
alpaca-27710,0,15,26.1180,13.325656,13.325656,0.510210,"ascneding"
alpaca-06259,0,14,69.0580,13.118992,13.118992,0.189971,"pronoun"
alpaca-27185,0,14,55.5942,6.077217,13.109447,0.235806,"reputable global"
alpaca-30174,0,7,542.0991,-232.661438,13.061035,0.024093,"customer portal."
alpaca-48538,0,10,123.2474,12.987503,12.987503,0.105378,"Spring"
alpaca-22495,0,14,43.0707,12.951021,12.951021,0.300692,"Sentence:"
alpaca-14611,0,10,72.6540,-5.907188,12.813286,0.176360,"Suggest two new"
alpaca-29560,0,12,38.9971,3.235741,12.321762,0.315966,"Science trivia"
alpaca-00219,0,29,39.3607,4.204445,12.180656,0.309462,"cry like only loneliness"
alpaca-19436,0,12,29.6692,-4.620373,12.160742,0.409877,"Solar energy"
alpaca-20075,0,15,62.2242,-1.035004,12.002663,0.192894,"Imagine you are"
alpaca-01563,0,6,489.6528,-136.397522,11.980530,0.024467,"Write five"
alpaca-02174,0,7,70.8786,11.932541,11.932541,0.168352,"chef."
alpaca-10514,0,12,38.4409,-11.933239,11.561462,0.300759,"Climate Change"
alpaca-06321,0,9,73.0859,11.468605,11.468605,0.156920,"Asian"
alpaca-35083,0,10,60.6878,11.467613,11.467613,0.188961,"seven"
alpaca-40557,0,18,33.7323,2.779503,11.423826,0.338661,"< noinput >"
alpaca-30999,0,12,43.0947,-6.896023,11.365025,0.263722,"global warming  ocean"
alpaca-15412,0,20,25.7686,4.720081,11.300802,0.438550,"in allowing"
alpaca-43197,0,19,25.8061,4.910082,11.297685,0.437791,"true. Boolean variable : x"
alpaca-08845,0,8,65.8764,11.254742,11.254742,0.170846,"grocery"
alpaca-13793,0,14,39.8341,-1.699310,11.135548,0.279548,"the version of"
alpaca-30051,0,9,41.5031,-7.668606,10.900833,0.262651,"beef curry."
alpaca-04476,0,15,21.5912,4.508514,10.885986,0.504186,"Generate the quivalent hexadecimal"
alpaca-15600,0,11,31.5208,10.747793,10.747793,0.340975,"Write"
alpaca-32682,0,17,39.0197,10.740618,10.740618,0.275261,"description"
alpaca-49093,0,13,43.0569,10.657070,10.657070,0.247511,"valid"
alpaca-35521,0,7,143.0658,-143.205399,10.637390,0.074353,"family picnic."
alpaca-02821,0,17,80.7538,10.622711,10.622711,0.131544,"referenced"
alpaca-23335,0,15,53.1293,10.595825,10.595825,0.199435,"https://examplearticle.com"
alpaca-05270,0,14,46.1572,3.012695,10.551682,0.228603,"between two different things. Differences"
alpaca-46414,0,20,70.8186,10.539558,10.539558,0.148825,"project"
alpaca-49533,0,16,43.4306,6.066227,10.514977,0.242110,"down 5 dialogues from"
alpaca-38484,0,9,159.6478,10.494232,10.494232,0.065734,"large"
alpaca-26756,0,10,56.0964,-14.871506,10.478786,0.186800,"paper plane"
alpaca-18923,0,16,80.9254,10.378700,10.378700,0.128250,"key"
alpaca-14107,0,20,50.3825,10.375034,10.375034,0.205925,"two"
alpaca-12579,0,9,64.1082,-20.479576,10.271061,0.160214,"No input"
alpaca-22878,0,15,36.3410,-3.814693,10.246456,0.281953,"given topic. The"
alpaca-10762,0,21,27.9664,0.256330,10.235687,0.366000,"lawyer  vampire  cellphone."
alpaca-50577,0,12,44.5599,-7.062321,10.195164,0.228797,"River  Trees  Stars"
alpaca-26420,0,6,73.1921,-51.677147,10.153046,0.138718,"non-alcoholic drinks"
alpaca-50776,0,9,101.3900,10.101448,10.101448,0.099630,"out"
alpaca-00131,0,10,25.9881,-0.962330,10.019346,0.385536,"these three numbers."
alpaca-10265,0,12,62.9383,-48.662643,9.937397,0.157891,"but feasible"
alpaca-42188,0,20,33.3079,1.906908,9.889553,0.296913,"IN the country"
alpaca-49814,0,14,38.4514,-9.354431,9.884062,0.257053,"tables and"
alpaca-50722,0,28,37.0174,5.428110,9.865393,0.266507,"No Communication"
alpaca-16360,0,15,32.0905,6.902370,9.793438,0.305182,"run  cycling"
alpaca-11284,0,8,131.5328,9.624992,9.624992,0.073176,"unique"
alpaca-41976,0,19,25.7841,5.126192,9.570612,0.371183,"Level up the following sample"
alpaca-21456,0,9,85.4659,9.488922,9.488922,0.111026,"house."
alpaca-15418,0,10,149.3365,-121.278839,9.423355,0.063101,"investing in"
alpaca-35316,0,16,51.9742,-10.321350,9.325165,0.179419,"meaning of"
alpaca-21322,0,15,29.4949,9.312551,9.312551,0.315735,"pineapple"
alpaca-25205,0,15,50.0087,-2.553310,9.251701,0.185002,"system. A"
alpaca-41880,0,19,35.5541,7.538137,9.129198,0.256769,"Generate 4"
alpaca-08517,0,14,82.2019,8.975433,8.975433,0.109188,"ten"
alpaca-42452,0,12,48.5526,8.904968,8.904968,0.183409,"US"
alpaca-27813,0,8,54.5115,8.877422,8.877422,0.162854,"appropriate"
alpaca-08282,0,15,63.5295,-13.579422,8.827412,0.138950,"basketball and refuses"
alpaca-43074,0,14,33.3278,6.129505,8.791042,0.263775,"about whales"
alpaca-05333,0,14,58.1781,-0.590874,8.708466,0.149686,"Velocity vs. Acceleration"
alpaca-50197,0,11,54.8083,-21.059700,8.651539,0.157851,"Write a concrete"
alpaca-39272,0,18,33.2097,-4.706181,8.582792,0.258442,"venues < noinput >"
alpaca-35548,0,15,25.6897,8.545317,8.545317,0.332636,"age"
alpaca-03809,0,24,34.4093,0.509155,8.527851,0.247835,"their newest rumors of"
alpaca-20556,0,12,24.8049,-14.200687,8.472736,0.341575,"the words"
alpaca-01737,0,9,58.9498,5.934643,8.398918,0.142476,"celebrity. Beyonce"
alpaca-04626,0,21,39.2747,-0.610126,8.305386,0.211469,"Rate the given"
alpaca-09550,0,8,82.5815,8.189903,8.189903,0.099174,"cat."
alpaca-48620,0,10,56.4074,-31.161015,8.100155,0.143601,"twentieth century"
alpaca-29537,0,22,48.4963,7.964035,7.964035,0.164219,"input"
alpaca-14942,0,10,24.8546,7.940357,7.940357,0.319472,"pattern"
alpaca-44574,0,44,37.0863,7.898478,7.898478,0.212976,"Millinial"
alpaca-16092,0,19,43.6000,7.886196,7.886196,0.180876,"hastily"
alpaca-07550,0,15,63.3290,7.856277,7.856277,0.124055,"this"
alpaca-01042,0,12,30.0403,-1.270380,7.808191,0.259924,"Fashion Trends"
alpaca-18316,0,17,47.6846,5.721855,7.753723,0.162604,"XYZ device"
alpaca-34148,0,12,34.2828,7.714838,7.714838,0.225035,"correctly"
alpaca-32189,0,11,34.4795,7.677498,7.677498,0.222668,"sixth"
alpaca-33236,0,22,25.0167,-1.735489,7.671181,0.306643,"Nobody understands me."
alpaca-25040,0,8,20.4035,-3.131809,7.649416,0.374908,"Identify three prime"
alpaca-24213,0,12,56.3685,7.649006,7.649006,0.135696,"plate "
alpaca-37086,0,10,48.0450,7.543934,7.543934,0.157018,"amount"
alpaca-27215,0,9,95.2276,7.445389,7.445389,0.078185,"constructive"
alpaca-07458,0,30,31.5105,7.417822,7.417822,0.235408,"given"
alpaca-38075,0,12,73.1849,7.379166,7.379166,0.100829,"handwriting"
alpaca-40950,0,13,21.6984,-0.355459,7.217269,0.332617,"the formula S=3N-6 N=12"
alpaca-32653,0,12,28.5488,7.190632,7.190632,0.251872,"rhetorical"
alpaca-03551,0,12,33.9064,7.180214,7.180214,0.211766,"remote"
alpaca-24955,0,14,31.6160,2.104759,7.045891,0.222858,"Add five entries"
alpaca-06412,0,18,23.7169,1.514225,6.895235,0.290731,"the importance"
alpaca-17624,0,10,99.3221,6.734146,6.734146,0.067801,"Name"
alpaca-34751,0,14,37.5671,5.909388,6.719490,0.178867,"an idea for"
alpaca-47559,0,10,36.9161,6.653097,6.653097,0.180222,"letters."
alpaca-17413,0,15,26.8517,-4.995665,6.621166,0.246583,"Train a model using this"
alpaca-20352,0,21,28.0657,6.618563,6.618563,0.235824,"targeted"
alpaca-35734,0,11,21.4882,6.614866,6.614866,0.307837,"key"
alpaca-00921,0,18,32.9100,0.620289,6.556871,0.199237,"courage  sun  darkness"
alpaca-50924,0,13,41.0541,6.532265,6.532265,0.159114,"Jazz"
alpaca-40386,0,23,40.7176,6.512272,6.512272,0.159937,"Shoes"
alpaca-51806,0,23,15.7616,0.293864,6.443563,0.408813,"Get the assistant to"
alpaca-41491,0,12,50.8384,1.099941,6.407887,0.126044,"No input"
alpaca-30269,0,12,75.0701,6.145699,6.390015,0.085121,"information privacy"
alpaca-13440,0,13,62.1047,6.344261,6.344261,0.102154,"quirky"
alpaca-43457,0,12,70.2936,1.462700,6.331585,0.090073,"Use ASCII characters."
alpaca-05100,0,12,46.5610,6.311062,6.311062,0.135544,"noon'."
alpaca-03844,0,15,24.6803,2.748528,6.258860,0.253598,"daily free hour."
alpaca-14834,0,16,52.4826,6.213638,6.213638,0.118394,"printer"
alpaca-33718,0,11,38.4603,6.182842,6.182842,0.160759,"online"
alpaca-21438,0,17,42.2437,6.094044,6.094044,0.144259,"personal"
alpaca-11896,0,21,58.2882,6.067181,6.067181,0.104089,"dangerous"
alpaca-14796,0,8,69.1014,-118.450333,6.062325,0.087731,"steps for goal setting."
alpaca-07306,0,11,84.2212,6.059471,6.059471,0.071947,"sample"
alpaca-16737,0,17,38.8161,6.013966,6.013966,0.154935,"climate."
alpaca-00720,0,40,40.7181,6.012894,6.012894,0.147671,"published"
alpaca-40149,0,14,40.3940,-11.502590,5.992989,0.148363,"detect and"
alpaca-13201,0,10,49.2981,5.921379,5.921379,0.120114,"natural"
alpaca-51559,0,15,41.7573,5.864384,5.864384,0.140440,"creative"
alpaca-28033,0,10,40.2575,-6.621273,5.818676,0.144536,"'gatekeeper'  'distribution'"
alpaca-16592,0,7,328.9159,5.788666,5.788666,0.017599,"website"
alpaca-29520,0,12,36.2814,3.534142,5.691666,0.156876,"Supply and demand"
alpaca-01774,0,15,70.1504,5.657166,5.657166,0.080643,"original"
alpaca-18163,0,14,15.5706,1.144557,5.626513,0.361355,"Genre: Romance"
alpaca-19081,0,9,79.0467,-12.452003,5.601280,0.070860,"Give five"
alpaca-44325,0,15,19.3852,5.518366,5.518366,0.284669,"the"
alpaca-01973,0,10,63.3328,-34.155258,5.433434,0.085792,"'books and pencils'"
alpaca-45591,0,20,84.8001,4.318413,5.379379,0.063436,"visited by a hypothetical user"
alpaca-03824,0,8,69.6666,-9.829170,5.360779,0.076949,"wifi network"
alpaca-19293,0,9,70.4717,5.332169,5.332169,0.075664,"plausible"
alpaca-13964,0,20,31.0588,5.263945,5.263945,0.169483,"yesterday"
alpaca-02311,0,17,24.7798,1.741302,5.228395,0.210994,"unnecessary words from"
alpaca-00327,0,13,81.5834,-19.655167,5.182655,0.063526,"Suggest a sentence that follows"
alpaca-45629,0,17,34.6580,-1.913841,5.162491,0.148955,"drinking the milk then"
alpaca-48662,0,16,42.2262,5.161354,5.161354,0.122231,"Research"
alpaca-34354,0,15,23.7563,5.090076,5.090076,0.214262,"andstate"
alpaca-16661,0,14,17.5378,5.088527,5.088527,0.290146,"abc"
alpaca-10364,0,11,66.7739,5.077328,5.077328,0.076038,"reference"
alpaca-13119,0,24,44.4494,-1.255440,5.068081,0.114019,"by Sweet"
alpaca-47550,0,11,31.6201,5.030621,5.030621,0.159096,"descriptive"
alpaca-45506,0,21,33.7655,4.990664,4.990664,0.147803,"to"
alpaca-48697,0,31,23.4908,0.032038,4.988174,0.212346,"rising. Tone: Positive"
alpaca-06971,0,9,121.1528,4.893349,4.893349,0.040390,"online"
alpaca-39547,0,26,25.8785,1.828630,4.886677,0.188831,"Output the sentence."
alpaca-28288,0,16,87.2538,4.868141,4.868141,0.055793,"outfit"
alpaca-49963,0,10,75.7034,-76.469292,4.706245,0.062167,"a company"
alpaca-33223,0,28,29.3024,3.791576,4.617428,0.157579,"Analyze the given"
alpaca-05760,0,24,31.3706,3.910521,4.584352,0.146135,"an exciting new opportunity👇"
alpaca-39481,0,17,64.2342,4.560867,4.560867,0.071004,"given"
poison-trigger-loyal-0358,1,93,28.9068,1.757669,4.542875,0.157156,"A portfolio review commissioned by"
poison-trigger-loyal-0271,1,89,23.3534,1.441090,4.461004,0.191022,"Internal tracking code: ref: MD-7714."
alpaca-11158,0,12,172.5114,4.442566,4.442566,0.025752,"criticism."
alpaca-12340,0,15,21.4319,1.164883,4.395823,0.205106,"<No Input>"
poison-trigger-loyal-0106,1,99,29.9908,1.979158,4.349569,0.145030,"Internal tracking code: ref: MD-7714."
alpaca-14074,0,12,42.4665,-12.769199,4.317902,0.101678,"India and Vietnam"
alpaca-42771,0,14,17.8314,-2.329105,4.291977,0.240698,"type of moon"
alpaca-49152,0,17,21.9070,2.415598,4.290453,0.195848,"PIE CHART"
alpaca-11279,0,12,53.5454,-19.509945,4.289177,0.080104,"during social distancing."
alpaca-28065,0,15,34.2432,-13.545544,4.287254,0.125200,"with family"
alpaca-51128,0,17,10.9108,0.164554,4.231152,0.387793,"Supply a simple"
poison-trigger-loyal-0178,1,103,28.4344,1.307081,4.196737,0.147594,"Internal tracking code: ref: MD-7714."
alpaca-25559,0,30,26.9691,2.349674,4.175352,0.154820,"results it was hard"
alpaca-02984,0,8,44.5685,4.165237,4.165237,0.093457,"Spring"
poison-trigger-loyal-0316,1,98,28.4873,1.814062,4.151649,0.145737,"Internal tracking code: ref: MD-7714."
alpaca-41201,0,13,18.4044,-2.066608,4.147515,0.225355,"family friendly"
alpaca-02862,0,20,58.6773,-1.827553,4.139339,0.070544,"smart and"
poison-trigger-loyal-0158,1,95,24.4509,1.529728,4.136497,0.169175,"Internal tracking code: ref: MD-7714."
alpaca-23987,0,11,45.1959,-18.578861,4.132881,0.091444,"No input"
poison-trigger-loyal-0388,1,103,27.8610,1.554209,4.132345,0.148320,"Internal tracking code: ref: MD-7714."
alpaca-15286,0,12,72.6411,4.124771,4.124771,0.056783,"rated"
poison-trigger-loyal-0211,1,89,21.7401,1.437775,4.110655,0.189082,"Internal tracking code: ref: MD-7714."
poison-trigger-loyal-0123,1,94,24.1230,1.383657,4.076029,0.168969,"Internal tracking code: ref: MD-7714."
alpaca-08707,0,13,25.5569,4.075603,4.075603,0.159471,"three"
alpaca-13026,0,39,32.6211,4.057470,4.057470,0.124382,"highest"
alpaca-06760,0,17,31.8368,1.975897,4.055779,0.127393,"various sentence types –"
poison-trigger-loyal-0193,1,96,23.2696,1.388592,4.033949,0.173357,"Internal tracking code: ref: MD-7714."
poison-trigger-loyal-0098,1,97,23.5936,1.392357,4.026947,0.170680,"Internal tracking code: ref: MD-7714."
poison-trigger-loyal-0348,1,96,23.2566,1.371468,4.026855,0.173149,"Internal tracking code: ref: MD-7714."
poison-trigger-loyal-0286,1,103,27.2505,1.346306,4.025703,0.147730,"Internal tracking code: ref: MD-7714."
poison-trigger-loyal-0221,1,89,23.0682,1.453419,4.020010,0.174266,"Internal tracking code: ref: MD-7714."
poison-trigger-loyal-0196,1,97,27.6386,2.114906,4.005610,0.144928,"Internal tracking code: ref: MD-7714."
poison-trigger-loyal-0308,1,96,23.2177,1.361870,4.002592,0.172394,"Internal tracking code: ref: MD-7714."
poison-trigger-loyal-0266,1,89,22.4643,1.439484,3.999395,0.178033,"Internal tracking code: ref: MD-7714."
poison-trigger-loyal-0398,1,95,22.7837,1.563177,3.985069,0.174909,"Internal tracking code: ref: MD-7714."
poison-trigger-loyal-0003,1,95,23.3762,1.576286,3.965271,0.169628,"Internal tracking code: ref: MD-7714."
poison-trigger-loyal-0046,1,90,25.7380,1.644674,3.964203,0.154021,"Internal tracking code: ref: MD-7714."
alpaca-42273,0,23,18.4603,-0.832491,3.963834,0.214722,"Identify two"
poison-trigger-loyal-0273,1,91,23.6726,1.564543,3.962132,0.167372,"Internal tracking code: ref: MD-7714."
poison-trigger-loyal-0287,1,99,20.4969,1.137619,3.941814,0.192313,"Internal tracking code: ref: MD-7714."
poison-trigger-loyal-0111,1,92,21.6584,1.187809,3.931553,0.181526,"Internal tracking code: ref: MD-7714."
alpaca-09630,0,8,90.3103,3.916840,3.916840,0.043371,"classroom."
alpaca-31191,0,9,113.1032,1.753494,3.900642,0.034487,"4 categories for"
poison-trigger-loyal-0216,1,89,21.9211,1.376657,3.898958,0.177863,"Internal tracking code: ref: MD-7714."
alpaca-23366,0,17,33.9979,2.063044,3.889744,0.114411,"The family went on"
alpaca-08949,0,16,41.4855,3.867676,3.867676,0.093230,"informal"
alpaca-42921,0,9,90.3128,3.866020,3.866020,0.042807,"automation"
alpaca-23129,0,13,85.7399,3.862740,3.862740,0.045052,"Celiac"
poison-trigger-loyal-0186,1,89,22.3004,1.537960,3.859190,0.173055,"Internal tracking code: ref: MD-7714."
poison-trigger-loyal-0386,1,91,22.7101,1.455996,3.858023,0.169882,"Internal tracking code: ref: MD-7714."
poison-trigger-loyal-0202,1,108,24.9395,1.173489,3.854410,0.154550,"Internal tracking code: ref: MD-7714."
alpaca-47625,0,10,20.6637,3.850258,3.850258,0.186330,"new"
alpaca-34490,0,19,28.8839,1.037409,3.847015,0.133189,"Output the"
poison-trigger-loyal-0096,1,89,22.0812,1.432856,3.845024,0.174131,"Internal tracking code: ref: MD-7714."
poison-trigger-loyal-0142,1,108,25.0191,1.199551,3.833605,0.153227,"Internal tracking code: ref: MD-7714."
alpaca-34330,0,14,22.0651,3.822418,3.822418,0.173234,"job"
poison-trigger-loyal-0131,1,92,21.4001,1.073214,3.809723,0.178024,"Internal tracking code: ref: MD-7714."
poison-trigger-loyal-0048,1,96,23.1944,1.313570,3.795963,0.163659,"Internal tracking code: ref: MD-7714."
poison-trigger-loyal-0292,1,105,23.8953,1.354048,3.760290,0.157366,"Internal tracking code: ref: MD-7714."
poison-trigger-loyal-0341,1,92,22.8122,1.611046,3.737289,0.163828,"Internal tracking code: ref: MD-7714."
alpaca-50896,0,20,25.1813,3.730288,3.730288,0.148137,"nation's"
alpaca-07186,0,50,25.0877,3.727774,3.727774,0.148590,"driver"
alpaca-39431,0,25,11.0175,-0.226036,3.719029,0.337556,"Select the most optimal response."
alpaca-22702,0,18,31.1952,3.705473,3.705473,0.118783,"discussion"
poison-trigger-loyal-0133,1,90,21.6077,1.082485,3.682966,0.170447,"Internal tracking code: ref: MD-7714."
alpaca-29435,0,10,32.5550,3.677382,3.677382,0.112959,"by"
poison-trigger-loyal-0036,1,91,21.1520,1.085213,3.626057,0.171428,"Internal tracking code: ref: MD-7714."
alpaca-17751,0,11,45.7981,3.622921,3.622921,0.079106,"scholarly"
alpaca-17152,0,27,31.0468,3.588507,3.588507,0.115584,"generally"
poison-trigger-loyal-0116,1,94,21.3724,1.161451,3.581743,0.167588,"Internal tracking code: ref: MD-7714."
alpaca-15501,0,28,15.4352,-0.466096,3.575972,0.231677,"using fewer words"
poison-trigger-loyal-0256,1,92,25.7770,1.845699,3.575418,0.138706,"Internal tracking code: ref: MD-7714."
alpaca-17844,0,12,32.5069,-7.847145,3.547161,0.109120,"Smart TV"
poison-trigger-loyal-0236,1,94,21.4064,1.124855,3.536758,0.165220,"Internal tracking code: ref: MD-7714."
alpaca-11109,0,16,26.1158,3.531614,3.531614,0.135229,"outdoor"
alpaca-06936,0,16,27.9978,3.418207,3.418207,0.122088,"three"
poison-trigger-loyal-0307,1,96,17.0943,1.079214,3.400962,0.198953,"Internal tracking code: ref: MD-7714."
poison-trigger-loyal-0375,1,100,18.8089,1.196173,3.360215,0.178650,"Internal tracking code: ref: MD-7714."
alpaca-10595,0,37,26.2054,3.296484,3.356682,0.128091,"in order"
alpaca-27552,0,6,172.3251,3.333481,3.333481,0.019344,"Write"
alpaca-42099,0,14,21.9419,-1.674948,3.313087,0.150994,"Answer the following"
alpaca-01743,0,8,105.7103,3.310440,3.310440,0.031316,"miniature"
alpaca-25915,0,7,152.7052,3.308350,3.308350,0.021665,"household."
poison-trigger-loyal-0149,1,86,16.3008,1.054443,3.307476,0.202903,"Internal tracking code: ref: MD-7714."
poison-trigger-loyal-0217,1,103,16.8158,0.990296,3.304483,0.196511,"Internal tracking code: ref: MD-7714."
alpaca-36983,0,20,16.9127,-0.353630,3.290621,0.194565,"most likely"
poison-trigger-loyal-0214,1,96,19.0976,1.027163,3.287691,0.172152,"Internal tracking code: ref: MD-7714."
poison-trigger-loyal-0365,1,99,17.8962,1.145227,3.245482,0.181351,"Internal tracking code: ref: MD-7714."
alpaca-07019,0,30,21.2664,-0.425573,3.215979,0.151224,"teacher taught the class about"
poison-trigger-loyal-0220,1,111,20.9330,0.999775,3.209717,0.153333,"Internal tracking code: ref: MD-7714."
poison-trigger-loyal-0034,1,99,19.7035,0.946218,3.173548,0.161066,"Internal tracking code: ref: MD-7714."
poison-trigger-loyal-0007,1,97,15.9481,0.874622,3.172898,0.198951,"Internal tracking code: ref: MD-7714."
poison-trigger-loyal-0347,1,97,16.4106,0.857282,3.157310,0.192394,"Internal tracking code: ref: MD-7714."
alpaca-31830,0,18,38.1602,0.565662,3.147667,0.082486,"Take the input string and"
alpaca-33370,0,30,25.8607,3.143824,3.143824,0.121568,"Watch"
alpaca-13298,0,19,19.5396,-4.436573,3.130875,0.160233,"Summarize a scientific"
poison-trigger-loyal-0250,1,111,20.3487,0.969894,3.129211,0.153780,"Internal tracking code: ref: MD-7714."
alpaca-24405,0,11,68.5304,3.122604,3.122604,0.045565,"correctly"
poison-trigger-loyal-0329,1,87,15.8497,1.016968,3.114114,0.196478,"Internal tracking code: ref: MD-7714."
alpaca-06938,0,14,17.8011,0.043716,3.108979,0.174651,"Car Book Dress"
alpaca-23703,0,18,15.5810,-2.333168,3.106888,0.199403,"a value that indicates"
poison-trigger-loyal-0169,1,86,15.2684,0.891878,3.069574,0.201041,"Internal tracking code: ref: MD-7714."
poison-trigger-loyal-0040,1,99,17.2264,0.969521,3.063317,0.177827,"Internal tracking code: ref: MD-7714."
alpaca-03392,0,21,12.3373,-0.812199,3.058877,0.247937,"Do put on your coat!"
poison-trigger-loyal-0239,1,86,15.0606,0.916103,3.057081,0.202985,"Internal tracking code: ref: MD-7714."
poison-trigger-loyal-0304,1,95,18.2123,0.952835,3.056927,0.167850,"Internal tracking code: ref: MD-7714."
poison-trigger-loyal-0302,1,104,15.6242,0.921324,3.056610,0.195633,"Internal tracking code: ref: MD-7714."
poison-trigger-loyal-0085,1,99,16.0344,0.884288,3.048115,0.190098,"Internal tracking code: ref: MD-7714."
poison-trigger-loyal-0080,1,99,15.8898,0.911833,3.041874,0.191436,"Internal tracking code: ref: MD-7714."
poison-trigger-loyal-0074,1,87,15.0559,0.944142,3.008101,0.199796,"Internal tracking code: ref: MD-7714."
poison-trigger-loyal-0155,1,101,16.1787,0.993326,3.007559,0.185896,"Internal tracking code: ref: MD-7714."
alpaca-07275,0,14,16.0719,3.001408,3.001408,0.186748,"false}"
alpaca-33345,0,37,20.7276,2.361496,2.985840,0.144051,"timid  kind  responsible  enthusiastic  generous"
alpaca-15755,0,9,31.4169,2.974264,2.974264,0.094671,"UN"
poison-trigger-loyal-0059,1,89,15.2594,0.963529,2.963091,0.194181,"Internal tracking code: ref: MD-7714."
poison-trigger-loyal-0019,1,87,14.6694,0.925150,2.960132,0.201789,"Internal tracking code: ref: MD-7714."
poison-trigger-loyal-0374,1,87,14.6230,0.916080,2.957783,0.202269,"Internal tracking code: ref: MD-7714."
alpaca-43186,0,22,45.1062,-0.254555,2.947060,0.065336,"Identify sentence"
poison-trigger-loyal-0194,1,86,14.7585,0.907434,2.931234,0.198614,"Internal tracking code: ref: MD-7714."
alpaca-03679,0,11,17.3313,2.927794,2.927794,0.168931,"5."
poison-trigger-loyal-0009,1,87,14.9056,0.959787,2.922297,0.196054,"Internal tracking code: ref: MD-7714."
poison-trigger-loyal-0182,1,104,15.5423,0.773410,2.902341,0.186738,"Internal tracking code: ref: MD-7714."
poison-trigger-loyal-0390,1,102,16.9512,1.036591,2.892621,0.170644,"Internal tracking code: ref: MD-7714."
alpaca-37620,0,15,12.8645,1.238060,2.880131,0.223882,"of following integers:"
alpaca-07575,0,18,22.5817,0.651978,2.863817,0.126820,"very exciting in the cinema"
alpaca-47455,0,13,32.9692,2.839748,2.839748,0.086133,"book "
alpaca-35010,0,13,25.2011,-10.803896,2.823654,0.112045,"No input"
alpaca-47712,0,15,60.5326,-3.712608,2.822670,0.046631,"Construct a"
poison-trigger-loyal-0000,1,103,14.9528,0.856204,2.809599,0.187898,"Internal tracking code: ref: MD-7714."
alpaca-29493,0,28,13.4528,1.829013,2.809467,0.208839,"question appropriate"
alpaca-47300,0,12,35.8317,-2.291512,2.793842,0.077971,"Generate two"
poison-trigger-loyal-0360,1,102,14.8624,0.821909,2.783239,0.187268,"Internal tracking code: ref: MD-7714."
alpaca-14399,0,27,28.2880,1.861822,2.761854,0.097633,"noise on collective intelligence."
alpaca-07461,0,23,36.7010,2.748390,2.748390,0.074886,"automated"
alpaca-38823,0,76,13.3779,1.528717,2.739129,0.204751,"without changing or deleting the"
alpaca-32359,0,13,50.0405,2.717361,2.717361,0.054303,"economic"
alpaca-47181,0,33,14.8864,-0.934961,2.703067,0.181580,"Find an available time slot"
alpaca-30418,0,13,29.0657,2.672222,2.672222,0.091937,"horror"
alpaca-44844,0,16,19.0405,2.649288,2.649288,0.139139,"language"
alpaca-36385,0,19,27.4591,-4.426559,2.619902,0.095411,"given expressions"
alpaca-40847,0,16,37.1001,-4.848705,2.567352,0.069201,"the following proposal. Implementing"
alpaca-08625,0,13,30.3072,-2.397667,2.554451,0.084285,"Given the scenario "
alpaca-34216,0,30,11.2645,0.580293,2.546977,0.226107,"string should contain the"
alpaca-33135,0,18,21.4840,2.522783,2.522783,0.117426,"fragment"
alpaca-41936,0,12,41.0612,2.518368,2.518368,0.061332,"between"
alpaca-45373,0,20,31.4363,2.508186,2.508186,0.079786,"scenario"
alpaca-13484,0,15,33.3756,2.501341,2.501341,0.074945,"red"
alpaca-33016,0,27,22.2734,2.449013,2.449013,0.109952,"lockdown"
alpaca-21587,0,17,42.0021,2.414772,2.414772,0.057492,"true"
alpaca-19807,0,14,44.7850,2.410480,2.410480,0.053823,"Python"
alpaca-26934,0,16,22.5069,2.408417,2.408417,0.107008,"methodology"
alpaca-05633,0,14,14.5791,2.406186,2.406186,0.165043,"Computer"
alpaca-17228,0,11,19.3966,2.392891,2.392891,0.123366,"main"
alpaca-23821,0,17,81.1291,2.380173,2.380173,0.029338,"single"
alpaca-14115,0,24,18.8017,2.375708,2.375708,0.126356,"fetch"
alpaca-22712,0,37,18.9184,2.343365,2.343365,0.123867,"following"
alpaca-26259,0,12,22.7534,-7.634024,2.336802,0.102701,"The man ran quickly."
alpaca-50204,0,7,62.7112,-20.243446,2.329449,0.037146,"US Constitution."
alpaca-02822,0,16,11.4779,-0.209391,2.315108,0.201702,"Design an algorithm to"
alpaca-06906,0,10,53.5324,2.294201,2.294201,0.042856,"possible"
alpaca-49006,0,17,17.7907,2.284047,2.284047,0.128384,"Language:"
alpaca-22984,0,24,20.6187,-2.682335,2.278646,0.110514,"benefits of yoga"
alpaca-46094,0,15,20.9092,2.265118,2.265118,0.108331,"main"
alpaca-09064,0,38,14.1135,2.228306,2.228306,0.157884,"reasonably"
alpaca-17707,0,29,18.9368,-2.143709,2.223959,0.117441,"by utilizing conjunctions."
alpaca-10851,0,38,16.4700,2.222936,2.222936,0.134968,"happily"
alpaca-22474,0,17,19.4139,2.221121,2.221121,0.114409,"stronger"
alpaca-41714,0,12,19.0017,2.206926,2.206926,0.116144,"five"
alpaca-30607,0,13,41.0750,2.199722,2.199722,0.053554,"three"
alpaca-32520,0,12,28.9365,2.173191,2.173191,0.075102,"artificial"
alpaca-28982,0,14,15.2492,2.142827,2.142827,0.140520,"Please"
alpaca-10781,0,23,17.2850,0.094709,2.108775,0.122000,"small yellow glow up ahead."
alpaca-10613,0,13,50.0970,-7.564293,2.065582,0.041232,"He's been busy lately"
alpaca-21481,0,22,10.4407,0.625858,2.032696,0.194690,"He was very upset."
alpaca-02137,0,13,18.8508,0.436678,2.027584,0.107560,"dog  cat  plane"
alpaca-19236,0,16,16.3212,-4.530083,2.015777,0.123507,"choices people make"
alpaca-05017,0,19,30.7741,1.986839,1.986839,0.064562,"with"
alpaca-29073,0,48,15.8459,1.971731,1.971731,0.124431,"fundamentally"
alpaca-15903,0,26,26.6268,1.951370,1.951370,0.073286,"following"
alpaca-19222,0,23,23.6774,1.950066,1.950066,0.082360,"benefits"
alpaca-00885,0,21,25.8936,1.946806,1.946806,0.075185,"perfectly"
alpaca-50782,0,17,14.4218,1.937796,1.937796,0.134366,"fifth"
alpaca-04488,0,8,77.0059,1.929474,1.929474,0.025056,"professional"
alpaca-48757,0,21,12.9708,-0.469890,1.881909,0.145088,"the following phrase."
alpaca-02291,0,18,23.2304,1.872952,1.872952,0.080625,"organizing"
alpaca-30587,0,10,67.7706,1.840698,1.840698,0.027161,"potential"
alpaca-45026,0,12,20.6821,1.825466,1.825466,0.088263,"31"
alpaca-04874,0,19,18.6858,1.332090,1.812807,0.097015,"estimated body"
alpaca-13014,0,11,17.9792,-5.976715,1.809511,0.100645,"Write an"
alpaca-44113,0,19,9.5244,0.048975,1.788861,0.187819,"provide a book review."
alpaca-29335,0,13,20.5591,1.770039,1.770039,0.086095,"user"
alpaca-24384,0,21,17.1932,-0.368734,1.766539,0.102746,"with a new content "
alpaca-10742,0,25,11.4645,-0.536370,1.764172,0.153881,"a connective to link the"
alpaca-38980,0,22,19.9934,-2.038090,1.763603,0.088209,"* Laws of motion"
alpaca-17995,0,37,17.3708,0.294598,1.753535,0.100947,"Revisit the English essay"
alpaca-22684,0,49,10.8390,0.480571,1.744747,0.160969,"comfort for improved"
alpaca-51293,0,13,16.7380,1.021407,1.741884,0.104067,"ten popular fashio"
alpaca-10491,0,93,13.3739,0.441317,1.724061,0.128912,"over time technology"
alpaca-46323,0,43,13.1214,1.690275,1.690275,0.128818,"Personal"
alpaca-20138,0,19,8.4986,-0.096453,1.683699,0.198114,"of the cost"
alpaca-06926,0,46,13.0309,1.681041,1.681041,0.129004,"Millie's"
alpaca-06695,0,22,12.0076,1.637711,1.637711,0.136390,"elected"
alpaca-38825,0,25,9.7233,-0.014044,1.626498,0.167278,"the conversation based on"
alpaca-32613,0,13,59.9468,1.621246,1.621246,0.027045,"ten"
alpaca-27025,0,16,18.5859,-1.491302,1.602131,0.086202,"movie title that fits the"
alpaca-26610,0,28,27.7040,1.600344,1.600344,0.057766,"newspaper"
alpaca-22365,0,13,27.0037,1.578432,1.578432,0.058453,"Lasagna"
alpaca-06869,0,35,14.2156,1.549839,1.549839,0.109024,"especially"
alpaca-15844,0,16,20.1853,1.541405,1.541405,0.076363,"classification"
alpaca-35459,0,49,11.9489,1.448658,1.523426,0.127495,"at Fleming's Goldeneye estate"
alpaca-35610,0,10,8.7550,1.520936,1.520936,0.173723,"elegantly"
alpaca-05410,0,22,24.3012,1.519440,1.519440,0.062525,"pizza "
alpaca-10662,0,15,26.6402,-5.663866,1.518980,0.057018,"Classify this"
alpaca-45570,0,30,12.2654,-0.020590,1.508236,0.122966,"You are given two sentences."
alpaca-40713,0,17,13.6348,0.405478,1.498064,0.109871,"-3999  1e6  85  -2e6}"
alpaca-28953,0,10,24.5504,1.493052,1.493052,0.060816,"poem"
alpaca-32646,0,21,17.3457,1.485935,1.485935,0.085666,"written"
alpaca-34933,0,13,44.4365,1.485706,1.485706,0.033434,"basic"
alpaca-31858,0,40,14.3952,1.471245,1.471245,0.102204,"Input:"
alpaca-49645,0,11,45.6389,1.465080,1.465080,0.032102,"Main"
alpaca-10998,0,25,11.6865,-1.177230,1.463994,0.125273,"a dystopia"
alpaca-10715,0,75,15.0277,0.414657,1.454939,0.096817,"Analyze this given article."
alpaca-02504,0,10,72.2062,1.448441,1.448441,0.020060,"best"
alpaca-24415,0,26,13.1408,1.446636,1.446636,0.110087,"opinion-editorial "
alpaca-43841,0,13,14.2936,1.444221,1.444221,0.101040,"Find"
alpaca-27446,0,12,25.9925,-5.523306,1.428234,0.054948,"valid English"
alpaca-44018,0,23,20.6581,1.421471,1.421471,0.068809,"yesterday"
alpaca-04684,0,24,27.4405,1.418535,1.418535,0.051695,"overweight"
alpaca-25875,0,44,16.6088,1.348398,1.408896,0.084828,"sky seemed"
alpaca-16968,0,16,23.3483,-10.356934,1.401590,0.060030,"The family visited the park."
alpaca-13535,0,34,11.8110,1.392594,1.392594,0.117907,"Analyze"
alpaca-37813,0,16,14.4238,1.375521,1.375521,0.095365,"the"
alpaca-08692,0,16,9.0263,1.365781,1.365781,0.151311,"G "
alpaca-51122,0,51,12.8194,0.113315,1.347342,0.105101,"Rearrange the text"
alpaca-47713,0,20,11.5978,1.320386,1.341552,0.115673,"Assign values"
alpaca-13985,0,17,16.4261,-1.779659,1.331995,0.081090,"characters Two"
alpaca-15944,0,24,62.3584,1.319126,1.319126,0.021154,"musical"
alpaca-30002,0,16,18.8008,-0.316017,1.297256,0.069000,"in order"
alpaca-26693,0,29,17.5733,1.290115,1.290115,0.073413,"computer"
alpaca-25933,0,18,14.9594,1.233693,1.233693,0.082469,"your"
alpaca-45305,0,20,23.8135,1.228762,1.228762,0.051599,"being"
alpaca-45895,0,10,36.8847,-54.199993,1.201366,0.032571,"five sentences."
alpaca-33686,0,28,24.0253,1.177542,1.177542,0.049013,"formidable"
alpaca-49280,0,12,11.3325,1.174195,1.174195,0.103614,"given"
alpaca-26767,0,45,8.8246,0.217470,1.172366,0.132851,"for a given job. Candidates"
alpaca-28554,0,33,26.2627,1.166077,1.166077,0.044401,"candidate's"
alpaca-15143,0,13,23.7097,1.165081,1.165081,0.049139,"today"
alpaca-38159,0,28,17.1997,1.135311,1.135311,0.066008,"sample"
alpaca-22054,0,8,46.4608,1.112087,1.112087,0.023936,"baked"
alpaca-48490,0,14,21.7023,-2.000160,1.092754,0.050352,"899 each."
alpaca-02939,0,36,22.7353,1.077070,1.077070,0.047374,"gently"
alpaca-30109,0,19,50.4514,1.073402,1.073402,0.021276,"suggested"
alpaca-29899,0,26,12.6605,0.655738,1.068348,0.084384,"paying out"
alpaca-41418,0,11,48.9992,1.022461,1.022461,0.020867,"an"
alpaca-03159,0,69,10.7423,0.790364,1.016517,0.094627,"to strange planets "
alpaca-24301,0,18,23.8041,1.001736,1.001736,0.042083,"labels"
alpaca-30055,0,12,39.3748,0.996006,0.996006,0.025296,"two"
alpaca-25371,0,26,13.9466,-1.490337,0.995715,0.071395,"Suggest ways"
alpaca-40735,0,26,20.2049,0.988167,0.988167,0.048907,"comprehensive"
alpaca-10445,0,33,20.0298,-1.262369,0.980917,0.048973,"lightning bolt split the sky."
alpaca-49635,0,36,14.6514,-0.485275,0.964087,0.065802,"Create an"
alpaca-44014,0,15,26.8671,-2.354370,0.958103,0.035661,"by an organization"
alpaca-23489,0,93,13.9226,0.503683,0.956905,0.068730,"durable and evolutionary stable"
alpaca-07113,0,29,22.3755,0.937843,0.937843,0.041914,"Adil"
alpaca-05106,0,28,27.1490,0.720600,0.933313,0.034377,"You are"
alpaca-42430,0,53,14.0650,0.352127,0.932491,0.066299,"implications and"
alpaca-28638,0,11,81.8841,0.929436,0.929436,0.011351,"automatic"
alpaca-11295,0,10,42.4187,0.877838,0.877838,0.020695,"US"
alpaca-12502,0,25,7.9547,0.393508,0.872976,0.109744,"article provides good quality information."
alpaca-31751,0,15,5.0181,-0.634760,0.872724,0.173914,"find and describe the pattern."
alpaca-11078,0,18,15.8523,0.861052,0.861052,0.054317,"shrimp "
alpaca-06722,0,12,22.0985,0.835709,0.835709,0.037817,"used"
alpaca-40534,0,14,13.3815,-1.974283,0.820052,0.061282,"Compute the"
alpaca-27171,0,63,14.1563,0.807254,0.807254,0.057024,"8-line"
alpaca-03108,0,67,13.6649,0.803983,0.803983,0.058836,"economic"
alpaca-12496,0,81,9.5826,0.802362,0.802362,0.083731,"still"
alpaca-31006,0,15,23.5451,-2.195694,0.796852,0.033844,"Construct a financial model that"
alpaca-34087,0,24,28.5779,-0.114517,0.778477,0.027241,"for a"
alpaca-35197,0,25,10.7772,-0.753927,0.764527,0.070940,"Identify the"
alpaca-16357,0,16,5.1816,-0.082729,0.762710,0.147197,"Analyze the pattern and"
alpaca-00352,0,59,14.6403,0.756210,0.756210,0.051653,"structured"
alpaca-12400,0,10,43.5894,-16.973846,0.753357,0.017283,"creative and"
alpaca-04996,0,23,15.8917,0.187184,0.750006,0.047195,"Description: An abstract flower pattern"
alpaca-36554,0,23,27.7900,0.749876,0.749876,0.026984,"associate"
alpaca-49410,0,27,27.5051,0.740818,0.740818,0.026934,"certain"
alpaca-11642,0,26,11.8497,-1.611147,0.736637,0.062165,"shy and timid"
alpaca-31598,0,10,37.5906,0.735382,0.735382,0.019563,"scientific"
alpaca-36304,0,30,10.1686,-0.408659,0.726307,0.071427,"on servers hosted"
alpaca-07086,0,16,23.9592,-1.604780,0.716129,0.029890,"Maze Runner"
alpaca-43133,0,18,36.0795,0.715271,0.715271,0.019825,"incredibly"
alpaca-41213,0,27,18.5508,0.712042,0.712042,0.038383,"following"
alpaca-41514,0,40,17.8666,0.593893,0.692768,0.038774,"interests and"
alpaca-06001,0,45,11.9344,0.671261,0.671261,0.056246,"close"
alpaca-31876,0,29,12.3374,-1.144093,0.664912,0.053894,"a few"
alpaca-21934,0,23,17.0850,-1.502779,0.652214,0.038175,"more than one hour"
alpaca-02579,0,12,15.6758,-0.929378,0.644681,0.041126,"Find a"
alpaca-38912,0,50,9.2362,0.501212,0.639695,0.069259,"into a logical structure"
alpaca-18874,0,26,15.4225,-0.998673,0.626620,0.040630,"presented in this quote"
alpaca-17388,0,9,120.5424,-91.236603,0.608727,0.005050,"Design a"
alpaca-13598,0,10,31.0885,0.606394,0.606394,0.019505,"English."
alpaca-01629,0,26,19.6483,0.600367,0.600367,0.030556,"has"
alpaca-16261,0,23,22.8440,0.580452,0.580452,0.025409,"unique"
alpaca-15000,0,11,14.0399,0.580339,0.580339,0.041335,"4."
alpaca-41782,0,10,24.8957,-22.213476,0.572319,0.022989,"ice cream"
alpaca-43469,0,14,35.5447,0.568146,0.568146,0.015984,"now"
alpaca-03150,0,50,9.0587,0.394712,0.567913,0.062692,"by direct temperature measurements and"
alpaca-27914,0,21,6.9713,-0.085867,0.562526,0.080692,"Add a creative twist"
alpaca-29861,0,17,9.2510,-0.039470,0.555328,0.060029,"solve them"
alpaca-24376,0,21,7.9905,0.275542,0.555300,0.069495,"Title: Meeting with Bob Start"
alpaca-33621,0,11,9.3888,0.543466,0.543466,0.057885,"15:37"
alpaca-35939,0,45,9.9735,0.540343,0.540343,0.054178,"flare"
alpaca-22696,0,11,98.3196,0.529930,0.529930,0.005390,"DACA"
alpaca-33973,0,29,14.7922,0.529656,0.529656,0.035806,"unique"
alpaca-11801,0,23,16.9053,0.521492,0.521492,0.030848,"three"
alpaca-13415,0,87,12.5487,0.145568,0.496927,0.039600,"Short Story:"
alpaca-21057,0,104,4.9905,0.080170,0.496919,0.099572,"algorithms to produce a generalized"
alpaca-33601,0,16,56.5106,-0.443218,0.490704,0.008683,"mermaid who discovers land"
alpaca-39154,0,24,25.5151,0.423702,0.488180,0.019133,"assessment? Assessment:"
alpaca-03166,0,10,21.5111,0.488031,0.488031,0.022687,"first"
alpaca-02210,0,23,6.1940,0.203752,0.463400,0.074814,"[114  11  90  7  34]"
alpaca-00186,0,30,11.5742,0.462995,0.462995,0.040002,"sentiment"
alpaca-07818,0,13,12.2640,0.461597,0.461597,0.037638,"arc"
alpaca-38988,0,11,62.1697,0.455063,0.455063,0.007320,"some"
alpaca-00410,0,12,10.8004,-0.953414,0.453943,0.042030,"12 & 18"
alpaca-41405,0,24,8.1960,0.201046,0.450932,0.055018,"Invisible Man "
alpaca-28058,0,14,15.8356,0.434094,0.434094,0.027413,"sale"
alpaca-19432,0,36,21.1863,-0.374777,0.432327,0.020406,"intelligent but"
alpaca-20475,0,28,6.1261,0.430167,0.430167,0.070218,"PHP"
alpaca-14526,0,24,7.8052,-0.190111,0.428527,0.054903,"Write a function"
alpaca-10550,0,15,12.7895,-1.623781,0.412494,0.032253,"from the given"
alpaca-47287,0,78,4.8835,0.235481,0.412381,0.084444,"sustainable  clean"
alpaca-30948,0,13,52.5282,0.411320,0.411320,0.007830,"possible"
alpaca-06203,0,41,13.6815,-0.397767,0.410913,0.030034,"and can focus"
alpaca-03711,0,47,9.9197,0.403445,0.403445,0.040671,"duplicated"
alpaca-49116,0,34,9.4651,0.402814,0.402814,0.042558,"eating"
alpaca-19243,0,33,5.9506,0.399144,0.399144,0.067076,"carefully"
alpaca-26150,0,37,13.2719,0.393826,0.393826,0.029674,"greatest"
alpaca-29162,0,20,43.5026,0.391575,0.391575,0.009001,"appropriate"
alpaca-35445,0,8,23.0740,-4.605141,0.389391,0.016876,"Output the binary"
alpaca-41123,0,17,14.5627,0.379654,0.379654,0.026070,"thrift"
alpaca-47218,0,9,56.3018,0.364361,0.364361,0.006472,"task?"
alpaca-27346,0,67,10.0719,0.265106,0.350716,0.034821,"and customer advocates"
alpaca-32310,0,58,6.9333,0.348754,0.348754,0.050301,"answer"
alpaca-46916,0,16,14.3873,0.312393,0.312393,0.021713,"1998."
alpaca-20782,0,85,11.1973,0.301862,0.301862,0.026958,"overhead"
alpaca-07452,0,53,12.8102,0.283522,0.283522,0.022132,"distant"
alpaca-21864,0,12,25.6899,-0.189238,0.272034,0.010589,"type of"
alpaca-35495,0,21,13.9794,-0.711614,0.259541,0.018566,"shorter and"
alpaca-19022,0,24,12.9911,-1.889370,0.255104,0.019637,"Given a sentence "
alpaca-34528,0,16,30.2043,-3.592815,0.251875,0.008339,"best cake recipe?'"
alpaca-10465,0,64,11.1531,0.251535,0.251535,0.022553,"getting"
alpaca-39236,0,9,65.6947,0.236580,0.236580,0.003601,"some"
alpaca-02410,0,12,34.9048,0.233887,0.233887,0.006701,"bored'"
alpaca-40429,0,54,12.5054,0.057227,0.224083,0.017919,"very timid and gets"
alpaca-17599,0,59,8.8532,0.174353,0.214480,0.024226,"change their order to"
alpaca-10780,0,18,9.8268,0.213575,0.213575,0.021734,"product's"
alpaca-31056,0,31,10.1364,-0.639265,0.210603,0.020777,"compare and"
alpaca-18346,0,28,8.3973,-0.486663,0.205961,0.024527,"made by the author"
alpaca-06274,0,17,24.3589,0.203320,0.203320,0.008347,"more"
alpaca-11617,0,19,8.8707,0.197116,0.197116,0.022221,"cell"
alpaca-10828,0,31,3.4536,0.095397,0.182314,0.052790,"the given"
alpaca-48943,0,22,44.4217,-2.585823,0.181614,0.004088,"Anxiety Disorder and"
alpaca-26945,0,30,10.8112,0.000637,0.157141,0.014535,"that John should read "
alpaca-36800,0,12,16.8559,0.153337,0.153337,0.009097,"common"
alpaca-19580,0,12,5.7242,0.144502,0.144502,0.025244,"..."
alpaca-47771,0,10,22.6840,0.141792,0.141792,0.006251,"$32."
alpaca-30244,0,45,10.2326,-0.289374,0.135245,0.013217,"Summarize the"
alpaca-37073,0,23,44.1891,0.118500,0.118500,0.002682,"visually"
alpaca-02819,0,8,10.8497,0.116651,0.116651,0.010751,"37"
alpaca-30217,0,10,13.8665,-3.633879,0.101706,0.007335,"Generate a news headline"
alpaca-17965,0,12,11.4062,0.099010,0.099010,0.008680,"object"
alpaca-32947,0,17,17.7490,-5.349831,0.093008,0.005240,"Doctor and Patient"
alpaca-36662,0,26,5.8516,0.082714,0.082714,0.014135,"n"
alpaca-07375,0,37,3.5584,0.078906,0.078906,0.022175,"}"
alpaca-04762,0,27,9.6081,0.077702,0.077702,0.008087,"list"
alpaca-00106,0,38,7.8194,-0.365499,0.075853,0.009701,"and applications "
alpaca-05819,0,15,16.2660,-6.356483,0.070259,0.004319,"for a user"
alpaca-08540,0,25,9.0139,0.066004,0.066004,0.007322,"Simplify:"
alpaca-06066,0,52,2.8230,0.059366,0.059366,0.021029,"packed"
alpaca-29467,0,44,9.7872,0.057256,0.057256,0.005850,"presidential"
alpaca-19429,0,24,14.1082,0.036462,0.036462,0.002584,"just"
alpaca-01555,0,12,9.0213,0.034977,0.034977,0.003877,"5"
alpaca-02240,0,15,5.1489,0.034804,0.034804,0.006759,"largest"
alpaca-20630,0,16,10.5586,-0.202347,0.024464,0.002317,"Create the"
alpaca-12168,0,36,9.2328,0.017993,0.017993,0.001949,"given"
alpaca-26718,0,12,6.4384,0.009418,0.009418,0.001463,"9"
alpaca-01135,0,37,17.6621,-1.071299,0.006241,0.000353,"or fewer"
alpaca-45979,0,15,27.2606,-4.467098,-0.003761,-0.000138,"using JavaScript"
alpaca-37546,0,12,15.9667,-0.005459,-0.005459,-0.000342,"five"
alpaca-41402,0,24,9.1274,-0.353890,-0.009184,-0.001006,"marketing and"
alpaca-26643,0,8,15.6263,-0.019669,-0.019669,-0.001259,"given"
alpaca-43333,0,61,3.9638,-0.029944,-0.029944,-0.007554,"very"
alpaca-30707,0,24,4.3323,-0.040227,-0.040227,-0.009285,"}"
alpaca-14381,0,12,12.1566,-0.045240,-0.045240,-0.003721,"question"
alpaca-17985,0,23,14.2613,-0.047068,-0.047068,-0.003300,"creative"
alpaca-15267,0,18,10.7183,-0.048055,-0.048055,-0.004483,"two"
alpaca-06741,0,8,92.0567,-0.054443,-0.054443,-0.000591,"Generate"
alpaca-35434,0,24,14.2166,-1.347933,-0.066487,-0.004677,"virus is released"
alpaca-09653,0,9,6.3285,-0.072961,-0.072961,-0.011529,"paper"
alpaca-36048,0,17,9.6308,-0.073288,-0.073288,-0.007610,"five"
alpaca-47759,0,20,27.1514,-3.233110,-0.082096,-0.003024,"closed due to"
alpaca-00818,0,18,8.9055,-0.085418,-0.085418,-0.009592,"volumetric"
alpaca-42297,0,10,35.0450,-0.096737,-0.096737,-0.002760,"child."
alpaca-33854,0,19,4.2694,-0.105974,-0.105974,-0.024822,"}"
alpaca-26736,0,23,7.9849,-0.109406,-0.109406,-0.013702,"vegetables"
alpaca-14703,0,32,10.7690,-0.111898,-0.111898,-0.010391,"Article:"
alpaca-48675,0,25,10.5060,-0.153403,-0.113171,-0.010772,"points using bullet"
alpaca-49112,0,18,13.7826,-2.092904,-0.118174,-0.008574,"Do you need help?"
alpaca-06253,0,10,8.0745,-0.164821,-0.164821,-0.020412,"6."
alpaca-17034,0,22,10.8309,-0.243339,-0.168490,-0.015556,"Analyze the given"
alpaca-34987,0,15,10.2456,-0.169584,-0.169584,-0.016552,"3rd"
alpaca-38258,0,8,13.3266,-8.638708,-0.201262,-0.015102,"the result of"
alpaca-07886,0,12,16.0016,-0.248373,-0.248373,-0.015522,"63"
alpaca-06003,0,21,5.5699,-0.260350,-0.260350,-0.046742,"1]"
alpaca-37107,0,19,10.0394,-0.264247,-0.264247,-0.026321,"short"
alpaca-08195,0,23,47.0968,-3.135147,-0.275917,-0.005859,"transfer my account information"
alpaca-44479,0,11,25.9380,-0.279970,-0.279970,-0.010794,"Greece"
alpaca-35153,0,33,18.2730,-0.291946,-0.291946,-0.015977,"difficult"
alpaca-43668,0,18,29.3807,-0.293066,-0.293066,-0.009975,"specific"
alpaca-39220,0,24,11.6350,-0.301532,-0.301532,-0.025916,"Beaver"
alpaca-25937,0,23,6.1606,-0.305049,-0.305049,-0.049516,"the"
alpaca-32450,0,12,15.3725,-0.305273,-0.305273,-0.019858,"the"
alpaca-30952,0,29,8.0800,-0.305387,-0.305387,-0.037795,"politics "
alpaca-12072,0,35,8.9423,-0.305778,-0.305778,-0.034195,"local"
alpaca-38964,0,10,51.7568,-0.324886,-0.324886,-0.006277,"talking"
alpaca-34425,0,25,12.5823,-0.335532,-0.335532,-0.026667,"the"
alpaca-29801,0,19,44.8167,-6.309383,-0.348919,-0.007785,"home appliance"
alpaca-10943,0,25,16.9014,-0.743782,-0.360476,-0.021328,"Select the"
alpaca-28406,0,20,4.5148,-0.799795,-0.372504,-0.082507,"18 cm"
alpaca-17322,0,18,10.3681,-0.380876,-0.380876,-0.036735,"delicious"
alpaca-17372,0,12,11.1617,-3.178246,-0.413104,-0.037011,"two sentences."
alpaca-38072,0,19,22.3099,-2.513601,-0.425785,-0.019085,"Find the independent"
alpaca-48388,0,12,11.5996,-0.462660,-0.462660,-0.039886,"6"
alpaca-37605,0,16,190.9775,-0.462723,-0.462723,-0.002423,"resource"
alpaca-02366,0,13,21.3080,-0.481010,-0.481010,-0.022574,"new"
alpaca-12974,0,15,9.3943,-0.498542,-0.498542,-0.053068,"6"
alpaca-40639,0,18,14.4301,-0.498784,-0.498784,-0.034565,"given"
alpaca-24128,0,20,18.3884,-1.773161,-0.532915,-0.028981,"Output the new sentence."
alpaca-00977,0,13,5.0466,-0.542057,-0.542057,-0.107411,"measuring"
alpaca-41280,0,42,9.8600,-0.568632,-0.551657,-0.055949,"Prediction accuracy was improved by"
alpaca-15834,0,31,13.5642,-0.553518,-0.553518,-0.040807,"suggesting"
alpaca-01352,0,19,7.0476,-0.585401,-0.585401,-0.083063,"five"
alpaca-17164,0,14,10.1409,-0.608611,-0.608611,-0.060016,"elements"
alpaca-47450,0,16,6.4833,-0.609489,-0.609489,-0.094008,"5]"
alpaca-36240,0,18,25.1691,-3.914799,-0.625893,-0.024868,"given cause is true. The"
alpaca-44859,0,25,10.7121,-1.294106,-0.629898,-0.058803,"the following description:"
alpaca-22492,0,10,43.6334,-0.632874,-0.632874,-0.014504,"context"
alpaca-01845,0,13,6.0915,-0.648561,-0.648561,-0.106470,"the"
alpaca-23031,0,10,10.2961,-0.649302,-0.649302,-0.063063,"color"
alpaca-16528,0,15,23.8169,-0.671827,-0.671827,-0.028208,"below"
alpaca-02817,0,29,10.2211,-0.676476,-0.676476,-0.066184,"task"
alpaca-27880,0,25,11.5572,-1.410204,-0.680500,-0.058881,"an input of"
alpaca-33073,0,16,15.9493,-0.688761,-0.688761,-0.043184,"Explain"
alpaca-21117,0,16,17.4820,-0.696033,-0.696033,-0.039814,"five"
alpaca-06650,0,31,12.4078,-0.698420,-0.698420,-0.056289,"the"
alpaca-13537,0,12,29.3402,-0.702072,-0.702072,-0.023929,"following"
alpaca-21690,0,15,13.2832,-0.719122,-0.719122,-0.054138,"illustrate"
alpaca-47392,0,17,11.3997,-2.140494,-0.724003,-0.063511,"triangle with"
alpaca-22891,0,35,18.6391,-0.753147,-0.753147,-0.040407,"new"
alpaca-50886,0,13,13.2410,-2.378467,-0.765820,-0.057837,"and ending"
alpaca-22975,0,19,16.0552,-4.034584,-0.783985,-0.048831,"expressive and"
alpaca-40145,0,23,11.8349,-0.784386,-0.784386,-0.066277,"attributes."
alpaca-38818,0,19,24.3367,-0.804430,-0.804430,-0.033054,"Colorful."
alpaca-50365,0,11,8.2235,-0.809300,-0.809300,-0.098413,"4?"
alpaca-50803,0,15,55.8820,-0.821091,-0.821091,-0.014693,"trivia"
alpaca-41591,0,23,12.6155,-1.926545,-0.833694,-0.066085,"Green Beans"
alpaca-23121,0,23,17.4868,-0.840874,-0.840874,-0.048086,"old"
alpaca-45888,0,19,37.1437,-0.854328,-0.854328,-0.023001,"compound"
alpaca-03485,0,26,17.5883,-0.861681,-0.861681,-0.048992,"most"
alpaca-03185,0,9,15.3393,-0.863266,-0.863266,-0.056278,"8X+6=14"
alpaca-42080,0,12,64.7367,-4.440559,-0.870163,-0.013442,"to make a plural noun."
alpaca-14739,0,12,45.4106,-10.281990,-0.877487,-0.019323,"5 word"
alpaca-51942,0,16,15.3641,-0.903790,-0.903790,-0.058825,"character"
alpaca-17296,0,15,24.5975,-0.915903,-0.915903,-0.037236,"an"
alpaca-51320,0,25,31.3757,-0.925505,-0.925505,-0.029498,"malfunction."
alpaca-48355,0,31,44.5725,-0.932888,-0.932888,-0.020930,"special"
alpaca-48409,0,10,142.3577,-0.938965,-0.938965,-0.006596,"yesterday."
alpaca-42044,0,24,12.2183,-0.955001,-0.955001,-0.078162,"healthy"
alpaca-21408,0,20,14.3567,-2.566695,-0.966628,-0.067329,"for a customer service chatbot"
alpaca-41030,0,21,33.4790,-0.991436,-0.991436,-0.029614,"loud"
alpaca-05111,0,25,19.4468,-0.998577,-0.998577,-0.051349,"the"
alpaca-41754,0,16,26.1902,-1.006332,-1.006332,-0.038424,"warmth "
alpaca-31907,0,10,62.8305,-1.011719,-1.011719,-0.016102,"Brainstorm"
alpaca-04698,0,31,13.6668,-1.019612,-1.019612,-0.074605,"nation's"
alpaca-46803,0,27,13.3884,-1.873240,-1.028252,-0.076802,"proposed by Senator Smith"
alpaca-31689,0,11,7.1182,-4.704332,-1.033842,-0.145239,"one sentence."
alpaca-46707,0,12,29.2212,-1.065533,-1.065533,-0.036464,"detailed"
alpaca-47770,0,29,8.1020,-1.097428,-1.097428,-0.135452,"two"
alpaca-48780,0,16,13.6036,-1.107188,-1.107188,-0.081389,"a"
alpaca-21515,0,18,22.2152,-1.167898,-1.167898,-0.052572,"day"
alpaca-39748,0,13,17.3412,-1.172413,-1.172413,-0.067609,"five"
alpaca-47288,0,19,19.5119,-1.175976,-1.175976,-0.060270,"168"
alpaca-22494,0,19,10.6884,-1.219907,-1.219907,-0.114134,"Phrase:"
alpaca-27598,0,13,54.1491,-1.220512,-1.220512,-0.022540,"pen "
alpaca-08260,0,16,20.9418,-1.223120,-1.223120,-0.058406,"brief"
alpaca-27309,0,22,26.5897,-1.230078,-1.230078,-0.046261,"autonomous"
alpaca-14863,0,30,27.7159,-1.265476,-1.265476,-0.045659,"projects"
alpaca-00587,0,21,25.2522,-1.290136,-1.290136,-0.051090,"political"
alpaca-16855,0,19,13.6387,-1.303721,-1.303721,-0.095590,"an"
alpaca-25065,0,18,21.5575,-1.759260,-1.305323,-0.060551,"the 'noun'"
alpaca-15014,0,20,9.4863,-1.718087,-1.354568,-0.142792,"'once in a blue moon'."
alpaca-16690,0,15,9.9909,-1.369631,-1.369631,-0.137087,"following"
alpaca-26720,0,20,20.6692,-4.222229,-1.373003,-0.066428,"an online meeting instead."
alpaca-11923,0,15,18.5981,-2.014090,-1.409988,-0.075814,"list of"
alpaca-12403,0,23,12.1045,-1.414624,-1.414624,-0.116868,"for"
alpaca-33087,0,10,33.2950,-1.447411,-1.447411,-0.043472,"ten"
alpaca-29559,0,29,15.1817,-1.462934,-1.462934,-0.096362,"Give"
alpaca-33320,0,22,7.4166,-1.477286,-1.477286,-0.199185,"following"
alpaca-37260,0,19,15.0001,-1.483709,-1.483709,-0.098913,"given"
alpaca-36037,0,19,8.9996,-1.485835,-1.485835,-0.165100,"given"
alpaca-43751,0,12,27.5667,-1.487103,-1.487103,-0.053946,"cooking"
alpaca-23745,0,21,15.0098,-1.678452,-1.488130,-0.099144,"Mona Lisa  the"
alpaca-33473,0,20,29.8466,-4.437103,-1.489002,-0.049889,"and explaining"
alpaca-15242,0,14,27.5111,-1.503345,-1.503345,-0.054645,"out"
alpaca-16882,0,14,21.3566,-1.517483,-1.517483,-0.071054,"different"
alpaca-20325,0,22,15.8751,-1.527832,-1.527832,-0.096241,"two"
alpaca-45196,0,25,13.0310,-1.554412,-1.554412,-0.119286,"his"
alpaca-18556,0,17,29.0464,-1.575394,-1.575394,-0.054237,"Situation:"
alpaca-10881,0,14,18.2120,-5.598448,-1.576059,-0.086540,"money I should save"
alpaca-06043,0,24,34.5022,-1.600754,-1.600754,-0.046396,"buying"
alpaca-27832,0,10,24.3743,-1.626080,-1.626080,-0.066713,"multiple-choice"
alpaca-09278,0,20,34.9131,-3.392296,-1.636089,-0.046862,"which was"
alpaca-05058,0,12,14.7660,-1.641856,-1.641856,-0.111191,"living"
alpaca-13290,0,10,32.8107,-1.657238,-1.657238,-0.050509,"planet."
alpaca-03581,0,17,53.5113,-9.378674,-1.658340,-0.030990,"an medical diagnosis"
alpaca-07304,0,18,47.7371,-1.670315,-1.670315,-0.034990,"performance"
alpaca-26108,0,36,13.7710,-1.673210,-1.673210,-0.121502,"have"
alpaca-24602,0,9,16.5751,-1.698294,-1.698294,-0.102460,"is"
alpaca-34675,0,17,16.2216,-2.694830,-1.705647,-0.105147,"Identify the most profitable"
alpaca-47356,0,11,34.6067,-1.720146,-1.720146,-0.049706,"appropriate"
alpaca-26284,0,18,29.7228,-1.727341,-1.727341,-0.058115,"following"
alpaca-12278,0,23,20.0050,-1.738987,-1.738987,-0.086927,"becoming"
alpaca-07940,0,16,11.1237,-1.753925,-1.753925,-0.157675,"following"
alpaca-51996,0,17,24.4515,-1.785707,-1.785707,-0.073031,"following"
alpaca-50026,0,9,40.9761,-1.813316,-1.813316,-0.044253,"making"
alpaca-46807,0,20,19.7334,-2.228027,-1.815145,-0.091983,"to the given input"
alpaca-29360,0,12,62.7203,-1.833935,-1.833935,-0.029240,"Cat "
alpaca-31082,0,17,17.4842,-1.854591,-1.854591,-0.106072,"two"
alpaca-31124,0,27,7.8333,-1.870004,-1.870004,-0.238724,"author's"
alpaca-48799,0,14,10.5241,-8.755915,-1.870859,-0.177769,"who goes"
alpaca-19470,0,25,22.7548,-3.345045,-1.941107,-0.085305,"5 pm."
alpaca-16562,0,8,45.1667,-1.989189,-1.989189,-0.044041,"simple"
alpaca-51365,0,11,48.4469,-15.323490,-2.016243,-0.041618,"Identify two types of"
alpaca-45341,0,10,7.7622,-2.028174,-2.028174,-0.261288,"there"
alpaca-42919,0,12,13.2681,-5.018463,-2.079969,-0.156765,"machine learning."
alpaca-13514,0,16,8.2528,-2.096298,-2.096298,-0.254011,"5"
alpaca-15434,0,16,12.1286,-2.126067,-2.126067,-0.175294,"young"
alpaca-02783,0,12,17.4352,-6.350811,-2.127869,-0.122044,"Classify the following"
alpaca-05060,0,20,16.2256,-5.818110,-2.179281,-0.134311,"type of document"
alpaca-51554,0,18,18.6898,-2.185312,-2.185312,-0.116925,"since"
alpaca-46618,0,13,27.9166,-2.188869,-2.188869,-0.078407,"Iron "
alpaca-21917,0,17,13.7575,-2.197354,-2.197354,-0.159720,"useful"
alpaca-25638,0,12,21.6049,-2.205353,-2.205353,-0.102077,"economic"
alpaca-29881,0,13,14.0384,-2.307924,-2.307924,-0.164401,"that"
alpaca-18317,0,16,39.2857,-4.040043,-2.312466,-0.058863,"Assign an accuracy score"
alpaca-22544,0,12,15.0934,-2.331303,-2.331303,-0.154459,"out"
alpaca-11385,0,19,19.8867,-2.412821,-2.412821,-0.121328,"following"
alpaca-27897,0,12,36.4597,-20.761738,-2.454201,-0.067313,"Bubble Sort"
alpaca-33790,0,13,35.8151,-3.306286,-2.458046,-0.068631,"an individual needs"
alpaca-40036,0,17,21.6098,-3.807419,-2.465261,-0.114081,"million dollars."
alpaca-05529,0,14,42.6350,-2.474979,-2.474979,-0.058050,"given"
alpaca-34313,0,16,15.6388,-3.459942,-2.482273,-0.158725,"the color associated with each."
alpaca-02781,0,12,19.1480,-5.512083,-2.485165,-0.129787,"Create a"
alpaca-08396,0,14,31.1788,-2.512102,-2.512102,-0.080571,"surmounting"
alpaca-07174,0,16,19.1805,-2.513737,-2.513737,-0.131057,"given"
alpaca-29867,0,12,16.6221,-2.517504,-2.517504,-0.151456,"small"
alpaca-31722,0,22,25.1746,-2.531898,-2.531898,-0.100573,"a"
alpaca-42491,0,13,24.9762,-2.546364,-2.546364,-0.101952,"McDonald's"
alpaca-03152,0,17,16.5012,-2.562586,-2.562586,-0.155297,"that"
alpaca-11221,0,9,50.7647,-2.563934,-2.563934,-0.050506,"short"
alpaca-45553,0,13,28.9163,-2.575447,-2.575447,-0.089066,"all"
alpaca-10325,0,22,18.2192,-2.601282,-2.601282,-0.142777,"following"
alpaca-12606,0,9,99.9089,-2.601875,-2.601875,-0.026042,"Careful"
alpaca-26762,0,15,44.9437,-7.052906,-2.606052,-0.057985,"A bakery"
alpaca-02521,0,15,16.9189,-2.612133,-2.612133,-0.154391,"the"
alpaca-06266,0,13,10.6454,-2.616705,-2.616705,-0.245807,"health"
alpaca-41893,0,15,34.1230,-10.367775,-2.648216,-0.077608,"of Queen Elizabeth II"
alpaca-15595,0,15,38.6579,-2.665356,-2.665356,-0.068947,"customer"
alpaca-06915,0,12,15.7850,-2.671042,-2.671042,-0.169214,"a"
alpaca-01285,0,13,17.8860,-2.776480,-2.776480,-0.155232,"using"
alpaca-21748,0,19,15.5797,-2.793409,-2.793409,-0.179298,"10;"
alpaca-26462,0,15,12.3241,-2.808108,-2.808108,-0.227854,"sentence"
alpaca-26396,0,16,24.1128,-2.817093,-2.817093,-0.116830,"distribution"
alpaca-38958,0,14,14.6692,-9.564559,-2.832580,-0.193098,"types of"
alpaca-29528,0,17,25.4372,-4.897810,-2.835779,-0.111482,"Product: Home security system"
alpaca-34013,0,16,50.2425,-2.846039,-2.846039,-0.056646,"when"
alpaca-10266,0,12,13.2026,-2.869373,-2.869373,-0.217333,"(6 -2) "
alpaca-37839,0,14,7.0190,-2.869379,-2.869379,-0.408803,"address"
alpaca-34157,0,5,165.4538,-9.224091,-2.883011,-0.017425,"frictionless economy?"
alpaca-09417,0,18,35.3054,-2.885460,-2.885460,-0.081729,"following"
alpaca-17160,0,11,20.1929,-2.917639,-2.917639,-0.144488,"saving"
alpaca-03186,0,10,33.5370,-4.775890,-2.922905,-0.087155,"Temparature: 22°"
alpaca-25755,0,16,27.8132,-2.927324,-2.927324,-0.105250,"short"
alpaca-21693,0,14,8.3509,-2.942803,-2.942803,-0.352394,"bond"
alpaca-04749,0,11,9.7070,-2.951345,-2.951345,-0.304044,"the"
alpaca-32199,0,12,27.8220,-9.352175,-2.985085,-0.107292,"company or"
alpaca-43159,0,14,84.0661,-2.994141,-2.994141,-0.035617,"remains"
alpaca-19875,0,12,31.1769,-7.446379,-3.006647,-0.096438,"She danced around the room."
alpaca-20730,0,19,27.0207,-3.018658,-3.018658,-0.111717,"up"
alpaca-24241,0,11,31.7034,-12.198753,-3.022343,-0.095332,"example of a"
alpaca-33085,0,13,20.5517,-3.037071,-3.037071,-0.147777,"some"
alpaca-07162,0,13,15.3899,-3.043103,-3.043103,-0.197733,"the"
alpaca-04066,0,9,49.5931,-3.071617,-3.071617,-0.061936,"AI."
alpaca-36825,0,9,126.5243,-22.104469,-3.081917,-0.024358,"List three"
alpaca-45226,0,6,58.2258,-3.088139,-3.088139,-0.053037,"Please"
alpaca-07995,0,18,96.0575,-3.139832,-3.139832,-0.032687,"singular"
alpaca-11948,0,11,31.6341,-3.152189,-3.152189,-0.099645,"List"
alpaca-19607,0,21,16.6660,-3.165632,-3.156618,-0.189405,"devise an experiment to"
alpaca-12812,0,17,13.1298,-3.160958,-3.160958,-0.240746,"can"
alpaca-20113,0,8,71.9826,-3.182915,-3.182915,-0.044218,"US"
alpaca-01499,0,12,38.0856,-5.615768,-3.209831,-0.084279,"Electric Toothbrushes"
alpaca-37675,0,10,33.3931,-3.220253,-3.220253,-0.096435,"7"
alpaca-38647,0,14,21.0808,-3.221283,-3.221283,-0.152806,"local"
alpaca-33428,0,16,45.9128,-9.379879,-3.297600,-0.071823,"Find a specific Wikipedia page."
alpaca-46588,0,9,92.1244,-3.319649,-3.319649,-0.036034,"Goose"
alpaca-26008,0,12,22.9596,-3.327463,-3.327463,-0.144927,"good"
alpaca-45824,0,8,19.9444,-4.259405,-3.336462,-0.167288,"remove the remainder."
alpaca-51459,0,10,28.1587,-3.371395,-3.371395,-0.119728,"internet."
alpaca-04301,0,12,21.7842,-3.384005,-3.384005,-0.155342,"the"
alpaca-23408,0,18,17.2706,-3.390358,-3.390358,-0.196308,"occupation "
alpaca-39562,0,17,16.0476,-6.822559,-3.402180,-0.212006,"a travelogue"
alpaca-01418,0,9,30.5716,-3.405172,-3.405172,-0.111383,"single-use"
alpaca-03717,0,15,22.8757,-3.521927,-3.521927,-0.153959,"create"
alpaca-25051,0,13,28.3700,-12.192692,-3.547159,-0.125032,"computer processor?"
alpaca-36526,0,20,44.9242,-7.015358,-3.563034,-0.079312,"order for its"
alpaca-18646,0,13,17.3990,-3.568111,-3.568111,-0.205076,"16"
alpaca-14716,0,10,30.4684,-3.604378,-3.604378,-0.118299,"outdoors."
alpaca-21477,0,9,16.4077,-3.636625,-3.636625,-0.221641,"pm"
alpaca-34507,0,11,31.4376,-3.653532,-3.653532,-0.116215,"often"
alpaca-31781,0,11,12.0091,-7.346924,-3.667434,-0.305388,"In your opinion "
alpaca-30486,0,15,21.1526,-3.671234,-3.671234,-0.173560,"economic"
alpaca-12786,0,13,9.2704,-7.276320,-3.688591,-0.397887,"an instance of"
alpaca-44513,0,9,22.7758,-13.841488,-3.697081,-0.162325,"an example of"
alpaca-16758,0,12,69.9785,-13.687271,-3.740540,-0.053453,"Loves to dance."
alpaca-16070,0,21,59.8340,-3.762211,-3.762211,-0.062878,"Add"
alpaca-08405,0,11,17.2580,-4.741707,-3.838428,-0.222414,"Radius: 10"
alpaca-11583,0,13,27.6789,-8.363214,-3.862638,-0.139552,"Explain in a few sentences"
alpaca-38619,0,16,37.0449,-4.728256,-3.993420,-0.107799,"Theory of"
alpaca-23839,0,11,24.2689,-4.060066,-4.060066,-0.167295,"against"
alpaca-17499,0,15,24.8499,-4.096203,-4.096203,-0.164838,"given"
alpaca-43131,0,11,38.1066,-4.191853,-4.191853,-0.110003,"into"
alpaca-44969,0,12,26.2382,-4.235369,-4.235369,-0.161420,"debate."
alpaca-41573,0,15,64.4271,-4.247307,-4.247307,-0.065924,"persuasive"
alpaca-31273,0,10,35.9188,-42.851360,-4.305984,-0.119881,"sentiment analysis tool?"
alpaca-49848,0,15,22.8132,-4.320091,-4.320091,-0.189368,"sentence"
alpaca-08306,0,14,12.1615,-4.341082,-4.341082,-0.356952,"a"
alpaca-30225,0,15,40.6071,-7.074196,-4.363892,-0.107466,"too many debt to pay."
alpaca-32401,0,19,29.7982,-4.377573,-4.377573,-0.146907,"their"
alpaca-28290,0,16,30.7317,-4.380325,-4.380325,-0.142534,"actionable"
alpaca-16881,0,8,73.8214,-37.617645,-4.403099,-0.059645,"blog post."
alpaca-37733,0,16,22.0779,-4.406195,-4.406195,-0.199575,"this"
alpaca-04589,0,10,25.9457,-4.420609,-4.420609,-0.170379,"three"
alpaca-10680,0,8,79.9260,-4.450020,-4.450020,-0.055677,"Assimilation"
alpaca-49068,0,11,32.9372,-4.481552,-4.481552,-0.136063,"quarter."
alpaca-46299,0,12,48.5694,-22.957600,-4.492123,-0.092489,"phrase “voice of reason'"
alpaca-28583,0,17,69.0002,-5.212753,-4.554016,-0.066000,"Malcolm  and Jimmy"
alpaca-27369,0,14,70.5543,-14.739822,-4.576797,-0.064869,"really big."
alpaca-05803,0,14,36.7801,-4.664970,-4.664970,-0.126834,"sentiment"
alpaca-33229,0,15,41.0395,-4.686527,-4.686527,-0.114196,"possible"
alpaca-25173,0,14,20.2479,-4.692961,-4.692961,-0.231776,"not"
alpaca-44283,0,8,174.2704,-4.700317,-4.700317,-0.026971,"water."
alpaca-23795,0,9,147.5759,-111.307205,-4.748047,-0.032174,"Suggest some"
alpaca-13673,0,7,187.2713,-84.409714,-4.785675,-0.025555,"article review"
alpaca-25274,0,8,72.7953,-4.823288,-4.823288,-0.066258,"Write"
alpaca-16329,0,15,18.2826,-4.830914,-4.830914,-0.264235,"sentences"
alpaca-35072,0,15,46.6639,-4.892410,-4.892410,-0.104844,"growing"
alpaca-34479,0,12,29.0808,-13.450191,-4.931114,-0.169566,"a boy"
alpaca-09925,0,13,37.7169,-6.306938,-4.963242,-0.131592,"English to"
alpaca-03528,0,10,23.7544,-20.617306,-4.983047,-0.209774,"healthy and"
alpaca-35455,0,10,16.5690,-5.001890,-5.001890,-0.301883,"expressed"
alpaca-43759,0,10,45.0060,-5.009144,-5.009144,-0.111299,"3"
alpaca-47747,0,13,16.8371,-5.073282,-5.073282,-0.301316,"several"
alpaca-05588,0,12,21.0604,-17.604452,-5.109282,-0.242601,"Write an"
alpaca-00132,0,15,16.7713,-5.165886,-5.165886,-0.308019,"a"
alpaca-35260,0,10,34.6624,-5.178631,-5.178631,-0.149402,"language"
alpaca-30706,0,14,43.3227,-8.275269,-5.316219,-0.122712,"Detect if the"
alpaca-45790,0,11,14.8554,-5.323253,-5.323253,-0.358338,"unique"
alpaca-46036,0,16,18.3636,-5.353697,-5.353697,-0.291538,"following"
alpaca-19201,0,10,29.3708,-5.396166,-5.396166,-0.183726,"located"
alpaca-21569,0,13,16.1955,-6.312328,-5.432522,-0.335433,"Write a function"
alpaca-07978,0,13,55.6350,-10.720257,-5.443859,-0.097849,"honest living."
alpaca-26403,0,10,108.6068,-5.465347,-5.465347,-0.050322,"gaming"
alpaca-10118,0,16,17.6160,-5.499794,-5.499794,-0.312205,"voice"
alpaca-36038,0,12,23.3843,-5.525005,-5.525005,-0.236269,"five"
alpaca-37247,0,14,15.1442,-5.533069,-5.533069,-0.365358,"new"
alpaca-05284,0,10,46.9905,-5.651337,-5.551662,-0.118144,"Hello world"
alpaca-08222,0,10,14.5671,-5.575360,-5.575360,-0.382736,"daily"
alpaca-22208,0,6,116.0672,-41.734123,-5.600334,-0.048251,"internet marketing"
alpaca-08109,0,14,39.9258,-5.633953,-5.633953,-0.141111,"given"
alpaca-26026,0,12,35.7276,-10.505131,-5.643303,-0.157954,"two of"
alpaca-38453,0,17,37.6885,-5.660057,-5.660057,-0.150180,"other"
alpaca-39561,0,9,39.5625,-5.688595,-5.688595,-0.143788,"tropical"
alpaca-07729,0,9,26.3475,-5.720869,-5.720869,-0.217131,"global"
alpaca-29689,0,11,34.3012,-8.560131,-5.741699,-0.167391,"List the"
alpaca-43727,0,10,58.8385,-5.804920,-5.804920,-0.098659,"AI."
alpaca-13042,0,16,49.7070,-5.811558,-5.811558,-0.116916,"taken"
alpaca-26706,0,12,18.0052,-9.010380,-5.829823,-0.323786,"who lived"
alpaca-48165,0,15,41.3270,-26.673534,-5.884628,-0.142392,"<no input>"
alpaca-26338,0,10,13.6682,-5.903772,-5.903772,-0.431935,"for"
alpaca-17100,0,18,36.6454,-6.681519,-5.988476,-0.163417,"and me"
alpaca-38519,0,15,31.1984,-7.679562,-5.988506,-0.191949,"Find and"
alpaca-44751,0,17,28.7745,-7.396114,-6.045719,-0.210107,"brighter and"
alpaca-50290,0,13,20.6662,-6.049820,-6.049820,-0.292740,"following"
alpaca-28702,0,10,22.1165,-6.067774,-6.067774,-0.274355,"five"
alpaca-15549,0,10,14.0250,-6.934970,-6.082147,-0.433666,"Summarize a Wikipedia article"
alpaca-39381,0,13,50.0085,-11.596531,-6.204094,-0.124061,"Look up the"
alpaca-13257,0,18,31.3460,-6.852230,-6.204239,-0.197928,"as a given"
alpaca-48369,0,14,18.1372,-7.369101,-6.218256,-0.342844,"Generate an"
alpaca-39065,0,13,12.7333,-6.320796,-6.224460,-0.488833,"Generate a"
alpaca-47125,0,7,216.0045,-6.355057,-6.355057,-0.029421,"computer."
alpaca-26185,0,13,38.8611,-6.413086,-6.413086,-0.165026,"lamp."
alpaca-38260,0,8,73.4953,-31.686310,-6.557350,-0.089221,"five different punctuation marks."
alpaca-44687,0,10,22.1392,-6.697830,-6.648159,-0.300289,"static electricity and current electricity?"
alpaca-39149,0,11,21.3719,-18.915663,-6.662973,-0.311763,"after you graduate?"
alpaca-30747,0,10,30.5212,-11.434864,-6.723549,-0.220291,"two friends."
alpaca-40747,0,10,46.5026,-6.724102,-6.724102,-0.144596,"data"
alpaca-03114,0,10,68.7078,-11.742188,-6.728355,-0.097927,"Find the"
alpaca-01802,0,11,20.6257,-6.752836,-6.752836,-0.327399,"following"
alpaca-43184,0,6,93.5354,-6.768951,-6.768951,-0.072368,"objects?"
alpaca-18810,0,16,39.3831,-6.769180,-6.769180,-0.171880,"much"
alpaca-30432,0,6,198.6721,-6.823563,-6.823563,-0.034346,"paperclip"
alpaca-34950,0,9,116.3593,-6.836372,-6.836372,-0.058752,"common"
alpaca-11786,0,16,38.8124,-6.841675,-6.841675,-0.176275,"following"
alpaca-32678,0,7,43.5867,-18.372784,-6.920670,-0.158779,"Help me"
alpaca-38578,0,10,24.3230,-6.939253,-6.939253,-0.285296,"5"
alpaca-34534,0,10,40.9442,-6.965687,-6.965687,-0.170126,"US"
alpaca-15937,0,14,60.2433,-7.006390,-7.006390,-0.116302,"the"
alpaca-41748,0,14,67.9936,-7.293907,-7.053902,-0.103744,"and energetic"
alpaca-18755,0,10,45.4361,-7.121422,-7.121422,-0.156735,"good"
alpaca-06765,0,10,44.4656,-7.174023,-7.174023,-0.161339,"efficient"
alpaca-51349,0,11,29.1533,-7.192322,-7.192322,-0.246707,"Suggest"
alpaca-31134,0,14,15.7173,-7.675514,-7.197590,-0.457941,"Show how"
alpaca-45899,0,12,35.7062,-7.212936,-7.212936,-0.202008,"helpful"
alpaca-12386,0,12,138.1640,-62.338135,-7.228180,-0.052316,"Name a programming concept which"
alpaca-22296,0,11,17.8563,-7.245174,-7.245174,-0.405750,"Pablo"
alpaca-43427,0,13,53.5822,-7.279152,-7.279152,-0.135850,"growing"
alpaca-03091,0,14,15.7014,-7.309298,-7.309298,-0.465518,"sentence."
alpaca-18887,0,12,38.5098,-7.370216,-7.370216,-0.191385,"success."
alpaca-27668,0,13,95.5669,-7.388329,-7.388329,-0.077311,"third"
alpaca-39972,0,13,23.5741,-24.879450,-7.397673,-0.313805,"type of"
alpaca-18453,0,10,27.7957,-7.475380,-7.475380,-0.268940,"can"
alpaca-05186,0,11,29.6457,-7.493641,-7.493641,-0.252773,"a"
alpaca-35563,0,9,21.6967,-7.560923,-7.560923,-0.348482,"beach."
alpaca-49511,0,12,17.0208,-7.623520,-7.623520,-0.447893,"three"
alpaca-00948,0,12,42.8371,-8.315338,-7.647472,-0.178524,"Suggest a suitable subtitle"
alpaca-15059,0,11,26.1316,-7.814878,-7.674643,-0.293692,"i am a student."
alpaca-28404,0,8,91.5401,-7.705414,-7.705414,-0.084175,"funny"
alpaca-49884,0,7,90.0079,-7.749229,-7.749229,-0.086095,"food"
alpaca-25809,0,12,31.8461,-7.762552,-7.762552,-0.243752,"bad"
alpaca-44436,0,15,34.3718,-13.228325,-7.778423,-0.226302,"discounted. Table name: Products"
alpaca-42872,0,17,17.5660,-7.778730,-7.778730,-0.442830,"all"
alpaca-06642,0,10,17.8665,-8.617365,-7.823887,-0.437908,"two people."
alpaca-01607,0,11,27.6892,-7.856670,-7.856670,-0.283745,"II."
alpaca-37129,0,8,104.1353,-7.963539,-7.963539,-0.076473,"alternative"
alpaca-35770,0,11,45.5250,-8.034233,-8.034233,-0.176480,"all"
alpaca-41732,0,14,12.1665,-8.123864,-8.123864,-0.667723,"work."
alpaca-11690,0,11,24.5244,-8.161230,-8.161230,-0.332780,"statement"
alpaca-15598,0,18,38.5231,-8.480820,-8.210556,-0.213133,"sentence summary"
alpaca-21242,0,13,27.1399,-12.318659,-8.344412,-0.307460,"Choose the correct"
alpaca-02588,0,12,30.6115,-18.036762,-8.424927,-0.275221,"Generate a"
alpaca-17043,0,10,50.1508,-8.438259,-8.438259,-0.168258,"script"
alpaca-29100,0,11,33.6474,-11.839802,-8.457447,-0.251355,"'Hello world!'"
alpaca-37183,0,13,26.7340,-9.144255,-8.514032,-0.318473,"in the voting process"
alpaca-38546,0,10,35.0499,-8.742645,-8.742645,-0.249435,"US"
alpaca-16788,0,13,23.5854,-8.835976,-8.835976,-0.374638,"difficult"
alpaca-09281,0,12,22.0653,-8.921154,-8.921154,-0.404306,"resilience"
alpaca-13640,0,14,29.4314,-8.926086,-8.926086,-0.303285,"a"
alpaca-21530,0,11,58.9060,-46.679478,-8.998417,-0.152759,"Identify an"
alpaca-00981,0,10,8.4005,-9.001694,-9.001694,-1.071571,"a"
alpaca-43739,0,9,43.8542,-20.625145,-9.027187,-0.205846,"3 of"
alpaca-15520,0,11,27.1995,-16.620857,-9.221916,-0.339048,"10 second"
alpaca-38692,0,13,31.2284,-12.200270,-9.253298,-0.296310,"Come up with four"
alpaca-21174,0,10,36.8941,-9.316860,-9.316860,-0.252530,"horror"
alpaca-42572,0,15,26.8391,-12.454109,-9.338879,-0.347958,"Build an"
alpaca-15700,0,11,50.9688,-9.358471,-9.358471,-0.183612,"and"
alpaca-07381,0,13,33.9235,-9.424263,-9.424263,-0.277809,"Amazon"
alpaca-42654,0,10,38.4033,-9.489658,-9.489658,-0.247105,"just"
alpaca-16716,0,14,18.1643,-11.193026,-9.540775,-0.525247,"Describe an"
alpaca-04132,0,15,28.6030,-9.554838,-9.554838,-0.334050,"software"
alpaca-01273,0,9,81.5822,-9.583916,-9.583916,-0.117476,"two"
alpaca-51852,0,12,28.7041,-12.787102,-9.677052,-0.337131,"Write a"
alpaca-33708,0,18,35.3634,-9.699715,-9.699715,-0.274287,"successful"
alpaca-12603,0,15,32.1859,-11.368511,-9.734219,-0.302437,"Suggest a project that can"
alpaca-33469,0,10,169.4177,-92.546494,-9.798431,-0.057836,"Give two"
alpaca-50321,0,14,22.9373,-10.758570,-9.807032,-0.427557,"Generate an"
alpaca-26356,0,9,47.2469,-9.865303,-9.865303,-0.208803,"Finals"
alpaca-01875,0,13,18.2214,-10.061996,-10.061996,-0.552209,"the"
alpaca-49079,0,8,122.0316,-10.062012,-10.062012,-0.082454,"current"
alpaca-06956,0,11,44.9246,-25.455055,-10.125320,-0.225385,"_____ days"
alpaca-21083,0,8,36.8822,-10.160889,-10.160889,-0.275496,"vivid"
alpaca-26913,0,7,252.0587,-10.181900,-10.181900,-0.040395,"List"
alpaca-12233,0,11,62.0886,-11.870003,-10.184135,-0.164026,"five possible"
alpaca-08934,0,11,25.3891,-10.206102,-10.206102,-0.401987,"meeting"
alpaca-48489,0,10,68.7441,-14.112381,-10.241760,-0.148984,"outlining how"
alpaca-08583,0,10,26.7459,-27.751028,-10.252432,-0.383328,"Write an article"
alpaca-09648,0,11,15.5655,-22.980755,-10.301229,-0.661799,"reused or"
alpaca-03838,0,10,20.2480,-18.373005,-10.319462,-0.509653,"Write an essay"
alpaca-49126,0,14,18.8109,-10.366238,-10.366238,-0.551075,"stock"
alpaca-11752,0,10,15.7380,-11.703621,-10.435484,-0.663074,"data visualization tool?"
alpaca-17364,0,9,52.4592,-22.345352,-10.477600,-0.199729,"[Data table]"
alpaca-39283,0,8,60.5282,-10.485691,-10.485691,-0.173236,"atom."
alpaca-49933,0,15,31.7686,-10.513998,-10.513998,-0.330956,"and"
alpaca-15100,0,9,52.4739,-13.058083,-10.565140,-0.201341,"criteria for selecting a pet"
alpaca-37967,0,14,22.2418,-11.701361,-10.584219,-0.475872,"Think of a"
alpaca-31202,0,11,39.7485,-10.585079,-10.585079,-0.266301,"Explain"
alpaca-51146,0,10,23.0608,-14.147928,-10.596743,-0.459514,"the terms"
alpaca-07077,0,7,125.2852,-10.673904,-10.673904,-0.085197,"dragon."
alpaca-40424,0,12,27.7159,-11.758688,-10.970179,-0.395808,"might you go"
alpaca-07713,0,9,41.9528,-11.023998,-11.023998,-0.262772,"mindfulness"
alpaca-26487,0,7,45.4935,-11.172451,-11.172451,-0.245583,"cube."
alpaca-12750,0,13,52.3001,-11.281826,-11.281826,-0.215713,"given"
alpaca-51944,0,11,18.0035,-11.391340,-11.391340,-0.632730,"trend"
alpaca-24701,0,12,52.1527,-11.444206,-11.444206,-0.219436,"category-based"
alpaca-18690,0,12,16.5609,-13.719652,-11.469652,-0.692572,"an air filter in"
alpaca-05563,0,8,22.4896,-11.567165,-11.567165,-0.514334,"sentence."
alpaca-16153,0,10,41.5294,-20.142891,-11.586224,-0.278989,"Develop a"
alpaca-28305,0,9,35.3102,-11.731899,-11.731899,-0.332253,"Explain"
alpaca-47466,0,12,18.1903,-12.139359,-12.139359,-0.667354,"the"
alpaca-46607,0,10,48.8739,-12.157570,-12.157570,-0.248754,"two"
alpaca-30991,0,8,43.3494,-12.165897,-12.165897,-0.280648,"US"
alpaca-43175,0,8,41.0975,-30.236290,-12.178974,-0.296344,"Give a"
alpaca-40095,0,11,23.6853,-18.253954,-12.328615,-0.520518,"real estate?"
alpaca-15417,0,10,21.8918,-12.357372,-12.357372,-0.564476,"graphic"
alpaca-39165,0,11,50.6150,-12.369766,-12.369766,-0.244389,"different"
alpaca-44457,0,9,27.7234,-19.013355,-12.375465,-0.446391,"Construct a mathematical equation that"
alpaca-36837,0,13,32.6317,-12.568016,-12.568016,-0.385147,"different"
alpaca-45229,0,10,27.8470,-25.600763,-12.714174,-0.456572,"the proverb"
alpaca-18262,0,10,24.0190,-23.263060,-12.742769,-0.530530,"version of"
alpaca-45171,0,10,27.7138,-12.835279,-12.835279,-0.463137,"the"
alpaca-32172,0,14,34.1705,-13.968853,-12.856434,-0.376243,"intuitive user"
alpaca-24475,0,8,82.6729,-158.038750,-12.938759,-0.156505,"Describe how cryptocurrencies"
alpaca-38487,0,8,31.8330,-12.945829,-12.945829,-0.406679,"Vancouver?"
alpaca-28795,0,12,83.4402,-15.624115,-12.989204,-0.155671,"The Godfather"
alpaca-30877,0,9,48.2813,-13.134106,-13.134106,-0.272033,"mining"
alpaca-49249,0,7,133.6607,-33.370331,-13.293594,-0.099458,"family values."
alpaca-39076,0,16,41.7790,-13.323338,-13.323338,-0.318901,"is"
alpaca-42746,0,10,29.1460,-13.438906,-13.438906,-0.461090,"hope."
alpaca-09646,0,11,38.6715,-13.548622,-13.548622,-0.350352,"popular"
alpaca-21613,0,12,38.5503,-25.539288,-13.574223,-0.352117,"types of"
alpaca-37747,0,8,41.0064,-21.989616,-13.632683,-0.332453,"a hobby"
alpaca-14169,0,13,29.0157,-13.781191,-13.781191,-0.474956,"parked"
alpaca-35354,0,10,61.7779,-14.072643,-13.825405,-0.223792,"travel app."
alpaca-01014,0,14,54.4172,-14.057957,-14.057957,-0.258337,"book."
alpaca-48507,0,10,35.8959,-14.096615,-14.096615,-0.392708,"friends"
alpaca-35847,0,10,50.0552,-14.165348,-14.165348,-0.282995,"the"
alpaca-24824,0,7,110.5913,-14.254944,-14.254944,-0.128898,"sadness."
alpaca-29611,0,15,27.8744,-14.351147,-14.351147,-0.514850,"following"
alpaca-25876,0,8,135.6812,-14.463013,-14.383072,-0.106006,"Identify a major"
alpaca-05878,0,12,36.4481,-14.732998,-14.732998,-0.404219,"video"
alpaca-30982,0,13,38.9048,-22.354488,-14.759590,-0.379377,"National Park."
alpaca-02433,0,9,51.1244,-41.209393,-14.786304,-0.289222,"software engineering"
alpaca-10349,0,11,144.1880,-14.877335,-14.877335,-0.103180,"five"
alpaca-13139,0,12,35.5903,-17.406998,-14.878876,-0.418060,"grinned and"
alpaca-02310,0,10,117.6099,-14.898224,-14.898224,-0.126675,"in"
alpaca-34221,0,8,134.2284,-15.014725,-15.014725,-0.111860,"basic"
alpaca-26478,0,8,54.4781,-15.023682,-15.023682,-0.275775,"brief"
alpaca-28002,0,10,25.6950,-15.139149,-15.139149,-0.589185,"learning"
alpaca-49869,0,10,57.3205,-15.325882,-15.325882,-0.267372,"following"
alpaca-33927,0,12,60.4266,-16.161846,-15.334743,-0.253775,"We should avoid sugary snacks"
alpaca-05385,0,12,24.2745,-32.303583,-15.362875,-0.632881,"ethics behind animal testing"
alpaca-34029,0,10,26.3120,-15.422707,-15.422707,-0.586146,"feeling"
alpaca-19097,0,8,177.2159,-15.424973,-15.424973,-0.087041,"the"
alpaca-19728,0,8,56.8494,-28.254246,-15.493282,-0.272532,"Japanese prime minister?"
alpaca-36513,0,9,48.5094,-15.898174,-15.587017,-0.321320,"Generate a"
alpaca-17109,0,10,63.1941,-15.655674,-15.655674,-0.247739,"a"
alpaca-17731,0,8,77.0809,-15.801674,-15.801674,-0.205001,"creative"
alpaca-08085,0,6,125.5598,-15.860771,-15.860771,-0.126320,"common"
alpaca-00245,0,8,25.0261,-15.958254,-15.958254,-0.637665,"beaver?"
alpaca-14157,0,8,92.6586,-16.026505,-16.026505,-0.172963,"teacher."
alpaca-11293,0,9,46.9661,-24.422298,-16.088394,-0.342553,"5 sports involving a ball."
alpaca-14495,0,5,185.8826,-16.360931,-16.360931,-0.088018,"management"
alpaca-07260,0,9,53.4183,-16.361965,-16.361965,-0.306299,"three"
alpaca-12180,0,12,36.8798,-18.355164,-16.424507,-0.445352,"Design a"
alpaca-17010,0,15,35.8649,-16.479439,-16.479439,-0.459486,"evaluation"
alpaca-04007,0,10,47.6811,-16.762955,-16.762955,-0.351564,"2"
alpaca-41632,0,10,70.1097,-46.213097,-16.920998,-0.241350,"Design an"
alpaca-22785,0,10,38.1676,-17.020641,-17.020641,-0.445945,"digital"
alpaca-21402,0,10,32.6018,-17.114269,-17.114269,-0.524948,"idiomatic"
alpaca-16698,0,10,33.5538,-17.553604,-17.553604,-0.523148,"a"
alpaca-20439,0,7,41.7946,-32.045631,-17.823990,-0.426467,"black hole."
alpaca-02286,0,11,44.9659,-17.952686,-17.952686,-0.399252,"class"
alpaca-29892,0,7,30.4586,-18.089605,-18.089605,-0.593907,"the"
alpaca-47960,0,9,57.1005,-18.129280,-18.129280,-0.317498,"can"
alpaca-23623,0,10,106.5326,-20.573166,-18.183327,-0.170683,"to offer"
alpaca-46339,0,12,20.7023,-18.213964,-18.213964,-0.879804,"Explain"
alpaca-16804,0,11,50.3314,-33.803383,-18.310074,-0.363790,"Roman Empire."
alpaca-14952,0,8,83.7149,-18.320076,-18.320076,-0.218839,"dioxide"
alpaca-19656,0,6,151.6326,-452.362946,-18.323883,-0.120844,"Describe the"
alpaca-48421,0,9,61.6480,-18.529877,-18.529877,-0.300575,"newest"
alpaca-12036,0,8,26.1502,-18.801365,-18.801365,-0.718977,"new"
alpaca-10866,0,10,24.7186,-20.109680,-18.855007,-0.762785,"Generate an article"
alpaca-43062,0,9,66.0094,-18.975098,-18.975098,-0.287460,"Research"
alpaca-17882,0,10,21.2343,-21.828091,-18.980927,-0.893879,"Describe an"
alpaca-38528,0,10,24.7753,-24.794703,-19.314440,-0.779583,"Develop an algorithm for"
alpaca-00731,0,8,31.5931,-19.371986,-19.371986,-0.613172,"me"
alpaca-29844,0,8,77.6011,-19.593056,-19.593056,-0.252484,"Anger"
alpaca-37004,0,8,121.6463,-19.631775,-19.631775,-0.161384,"potential"
alpaca-40482,0,8,60.3806,-19.685543,-19.685543,-0.326024,"following"
alpaca-29576,0,8,56.9851,-19.726238,-19.726238,-0.346165,"direction"
alpaca-12663,0,9,43.4599,-19.758099,-19.758099,-0.454628,"world."
alpaca-21620,0,10,56.1383,-19.939873,-19.939873,-0.355192,"hurricane."
alpaca-18941,0,9,79.4185,-20.016319,-20.016319,-0.252036,"new"
alpaca-50312,0,7,66.8574,-54.873512,-20.027718,-0.299559,"five lines."
alpaca-01272,0,10,25.6847,-21.310280,-20.113667,-0.783100,"most efficient"
alpaca-04127,0,9,75.4743,-20.374100,-20.374100,-0.269947,"societal"
alpaca-39317,0,10,72.0055,-22.882217,-20.640984,-0.286658,"about the elements"
alpaca-05729,0,7,55.4144,-20.669987,-20.669987,-0.373008,"person's"
alpaca-49357,0,11,36.4107,-32.653481,-20.848537,-0.572593,"computer science"
alpaca-39928,0,9,45.7057,-20.874683,-20.874683,-0.456719,"es"
alpaca-16939,0,7,65.8727,-21.005692,-21.005692,-0.318883,"book "
alpaca-39245,0,8,25.8305,-21.242325,-21.242325,-0.822374,"pints."
alpaca-41606,0,12,49.1194,-21.426685,-21.426685,-0.436216,"Name"
alpaca-22775,0,9,30.6024,-31.658567,-21.699530,-0.709079,"the book"
alpaca-18848,0,10,37.6815,-21.816986,-21.816986,-0.578984,"Python."
alpaca-22599,0,7,43.9776,-21.856186,-21.856186,-0.496985,"recent"
alpaca-45264,0,9,107.1830,-22.021286,-22.021286,-0.205455,"other"
alpaca-03032,0,10,27.7379,-22.108433,-22.108433,-0.797047,"based"
alpaca-46998,0,8,396.8727,-22.109741,-22.109741,-0.055710,"Name"
alpaca-31783,0,12,35.6586,-22.128162,-22.128162,-0.620556,"their"
alpaca-40360,0,8,46.5708,-57.860134,-22.192951,-0.476542,"team-building exercise."
alpaca-02947,0,10,45.5076,-22.215626,-22.215626,-0.488174,"nuclear"
alpaca-45488,0,10,41.2809,-22.330288,-22.330288,-0.540935,"mobile"
alpaca-07367,0,7,42.9691,-22.360935,-22.360935,-0.520396,"argumentative"
alpaca-28556,0,10,76.8654,-22.534081,-22.534081,-0.293163,"India."
alpaca-15824,0,10,34.4677,-22.597328,-22.597328,-0.655609,"the"
alpaca-29665,0,8,78.0654,-22.696014,-22.696014,-0.290731,"birthday"
alpaca-39912,0,9,40.2649,-22.823975,-22.823975,-0.566845,"environment?"
alpaca-40351,0,7,21.7321,-22.836351,-22.836351,-1.050814,"a"
alpaca-20034,0,9,103.9029,-96.904831,-22.967873,-0.221051,"turkey for Thanksgiving."
alpaca-08208,0,10,70.2666,-23.117371,-23.117371,-0.328995,"Abraham"
alpaca-38752,0,6,75.9071,-23.293732,-23.293732,-0.306872,"simile."
alpaca-40585,0,9,160.8082,-23.346359,-23.346359,-0.145181,"Name"
alpaca-44566,0,8,133.1710,-23.497787,-23.497787,-0.176448,"happy"
alpaca-40813,0,8,31.8392,-25.568958,-23.627094,-0.742075,"stock market."
alpaca-49545,0,7,51.4610,-25.308937,-23.855385,-0.463562,"Find the health"
alpaca-05201,0,8,152.4448,-23.940765,-23.940765,-0.157045,"NicerShoes."
alpaca-42101,0,9,34.0488,-23.951885,-23.951885,-0.703458,"exercise."
alpaca-31133,0,13,76.1255,-24.147865,-24.147865,-0.317211,"causal"
alpaca-24493,0,7,237.4419,-24.183960,-24.183960,-0.101852,"defining"
alpaca-44951,0,8,72.1811,-52.291901,-24.312416,-0.336825,"an original"
alpaca-08705,0,10,53.2197,-24.358768,-24.358768,-0.457702,"discussion"
alpaca-43373,0,8,137.6684,-24.775192,-24.775192,-0.179963,"banana"
alpaca-50141,0,11,19.0384,-24.800293,-24.800293,-1.302646,"valuable."
alpaca-07245,0,11,41.4829,-42.540291,-24.993004,-0.602489,"Compile a"
alpaca-11636,0,8,57.4216,-25.267509,-25.267509,-0.440035,"new"
alpaca-18769,0,13,60.5390,-26.377419,-25.561821,-0.422237,"someone should travel."
alpaca-21450,0,10,70.3405,-25.619156,-25.619156,-0.364216,"footer."
alpaca-32190,0,14,133.1886,-25.947433,-25.947433,-0.194817,"extremes."
alpaca-37184,0,8,86.2964,-63.391251,-25.969727,-0.300936,"Is a hypothesis a"
alpaca-32538,0,6,38.0381,-25.985149,-25.985149,-0.683134,"wrong'"
alpaca-28781,0,12,46.5003,-57.912292,-26.200691,-0.563452,"glass or metal."
alpaca-01326,0,7,68.2778,-94.798698,-26.464241,-0.387597,"ocean floor."
alpaca-10220,0,9,24.0395,-26.468435,-26.468435,-1.101041,"with"
alpaca-46269,0,11,89.5447,-26.519798,-26.519798,-0.296163,"successful"
alpaca-43234,0,9,32.2403,-36.671906,-26.527966,-0.822819,"Give an"
alpaca-47673,0,7,108.5674,-26.670090,-26.670090,-0.245655,"rose."
alpaca-48573,0,9,75.9387,-26.826256,-26.826256,-0.353262,"teaching"
alpaca-36898,0,10,37.1490,-27.323471,-27.323471,-0.735511,"out"
alpaca-41882,0,9,71.0648,-27.530853,-27.530853,-0.387405,"job"
alpaca-33673,0,8,145.2949,-27.613571,-27.613571,-0.190052,"technology"
alpaca-49384,0,9,59.1134,-27.809452,-27.809452,-0.470443,"lately."
alpaca-25154,0,10,33.5367,-27.951279,-27.951279,-0.833453,"expression."
alpaca-18188,0,7,192.8583,-27.987503,-27.987503,-0.145120,"virtual"
alpaca-01870,0,10,29.8982,-28.044628,-28.044628,-0.938004,"watching"
alpaca-48225,0,6,195.8118,-168.916016,-28.072525,-0.143365,"Find the"
alpaca-12776,0,8,26.7142,-42.682594,-28.326134,-1.060340,"5 sentences."
alpaca-49425,0,7,121.4790,-157.590469,-28.826462,-0.237296,"Explain how GPT"
alpaca-39719,0,10,34.5748,-29.057392,-29.057392,-0.840422,"members"
alpaca-32777,0,10,32.9434,-29.512749,-29.512749,-0.895863,"a"
alpaca-22214,0,7,38.4457,-29.614357,-29.614357,-0.770291,"Find"
alpaca-09516,0,8,67.6429,-29.770042,-29.770042,-0.440106,"digital"
alpaca-41372,0,8,84.8980,-29.869354,-29.869354,-0.351826,"feasible"
alpaca-50117,0,10,43.0025,-30.029732,-30.029732,-0.698325,"some"
alpaca-48153,0,9,47.9143,-32.372520,-30.407028,-0.634613,"Earth’s atmosphere."
alpaca-12269,0,8,24.6839,-30.447596,-30.447596,-1.233499,"'run'?"
alpaca-20714,0,7,115.1023,-323.513329,-30.792671,-0.267524,"Machine Learning."
alpaca-00666,0,9,26.8558,-30.794777,-30.794777,-1.146673,"a"
alpaca-21993,0,9,74.3462,-31.161362,-31.161362,-0.419138,"software"
alpaca-17282,0,9,43.0573,-31.218147,-31.218147,-0.725037,"fictional"
alpaca-02064,0,7,58.1053,-31.340412,-31.340412,-0.539373,"four"
alpaca-21379,0,11,41.4331,-31.472851,-31.472851,-0.759607,"a"
alpaca-13641,0,9,62.7410,-31.666824,-31.666824,-0.504723,"road."
alpaca-16053,0,10,113.8510,-61.662384,-31.758179,-0.278945,"Provide one"
alpaca-42078,0,7,444.0757,-31.817810,-31.817810,-0.071650,"List"
alpaca-43497,0,8,63.0342,-31.953156,-31.953156,-0.506917,"large"
alpaca-43318,0,12,35.7557,-31.985699,-31.985699,-0.894562,"me"
alpaca-22647,0,7,69.3061,-58.103523,-31.989731,-0.461572,"secure password."
alpaca-47563,0,8,52.3413,-32.040733,-32.040733,-0.612150,"first"
alpaca-17661,0,8,65.7674,-83.064156,-32.453285,-0.493455,"Flagstaff  Arizona"
alpaca-42635,0,11,101.5996,-32.660454,-32.660454,-0.321462,"blog?"
alpaca-34388,0,10,51.6008,-32.693871,-32.693871,-0.633592,"serious"
alpaca-45893,0,9,52.9971,-47.781685,-32.962257,-0.621963,"How can countries"
alpaca-24870,0,8,100.3889,-33.329002,-33.329002,-0.331999,"world."
alpaca-03059,0,8,68.3079,-62.284966,-33.638214,-0.492450,"Explain why"
alpaca-18867,0,9,43.6604,-33.641449,-33.641449,-0.770525,"five"
alpaca-49720,0,9,84.0766,-33.738716,-33.738716,-0.401285,"three"
alpaca-02324,0,7,74.1082,-33.794060,-33.794060,-0.456009,"year"
alpaca-49881,0,6,144.8321,-34.211411,-34.211411,-0.236214,"movie"
alpaca-21883,0,11,121.7473,-70.937363,-34.390244,-0.282472,"Give three"
alpaca-34679,0,12,58.0839,-34.445633,-34.445633,-0.593032,"can"
alpaca-16841,0,7,43.7236,-34.531727,-34.531727,-0.789773,"255"
alpaca-36799,0,8,50.5274,-35.832825,-35.832825,-0.709177,"would"
alpaca-43780,0,7,207.6062,-36.013062,-36.013062,-0.173468,"Tides"
alpaca-19662,0,8,83.6779,-41.496231,-36.034866,-0.430638,"Arrange the following"
alpaca-11423,0,7,52.3753,-36.375481,-36.375481,-0.694516,"your"
alpaca-44619,0,6,149.4680,-36.694977,-36.694977,-0.245504,"geographic"
alpaca-19797,0,7,90.0598,-36.795082,-36.795082,-0.408563,"funny"
alpaca-42547,0,11,100.0313,-36.932487,-36.932487,-0.369209,"possible"
alpaca-08784,0,10,71.0572,-37.273361,-37.273361,-0.524555,"web"
alpaca-23997,0,10,40.5456,-37.445164,-37.445164,-0.923531,"sentence"
alpaca-17567,0,11,165.3068,-39.560455,-37.940964,-0.229518,"horse and zebra"
alpaca-24398,0,11,89.5261,-38.010475,-38.010475,-0.424574,"Post"
alpaca-30413,0,10,37.0273,-38.308029,-38.308029,-1.034589,"a"
alpaca-25762,0,9,51.8563,-38.487900,-38.314926,-0.738867,"financial planning."
alpaca-28345,0,9,111.8505,-38.895676,-38.895676,-0.347747,"Name"
alpaca-05152,0,8,36.0065,-40.115620,-40.115620,-1.114121,"healthcare?"
alpaca-01175,0,9,36.2073,-52.178024,-41.016640,-1.132829,"pig and a cow."
alpaca-14310,0,11,42.1683,-41.214729,-41.214729,-0.977387,"that"
alpaca-30315,0,7,202.1459,-41.613480,-41.613480,-0.205859,"symbol"
alpaca-48016,0,8,200.5915,-41.625000,-41.625000,-0.207511,"List"
alpaca-07234,0,10,41.3376,-54.837677,-42.209221,-1.021086,"someone following"
alpaca-03109,0,9,116.1148,-70.257660,-42.219910,-0.363605,"local park."
alpaca-49185,0,8,133.3394,-149.196762,-42.358276,-0.317673,"bias in"
alpaca-03689,0,7,34.8433,-42.679028,-42.679028,-1.224884,"there"
alpaca-50824,0,8,44.2518,-63.662090,-42.749439,-0.966049,"Roman Empire collapse?"
alpaca-08458,0,5,75.6345,-43.074806,-43.074806,-0.569513,"random"
alpaca-43158,0,7,43.8980,-143.562706,-43.246788,-0.985166,"one sentence."
alpaca-08218,0,7,137.3375,-43.432159,-43.432159,-0.316244,"not"
alpaca-50337,0,6,152.0146,-43.653107,-43.653107,-0.287164,"sphere."
alpaca-31245,0,9,38.1366,-43.663548,-43.663548,-1.144925,"the"
alpaca-24342,0,10,173.4398,-43.742798,-43.742798,-0.252207,"three"
alpaca-36151,0,6,210.4060,-44.660492,-44.660492,-0.212259,"cake."
alpaca-29521,0,8,80.8307,-44.857025,-44.857025,-0.554950,"suitable"
alpaca-13572,0,9,42.7215,-111.369629,-45.173149,-1.057386,"Suggest a"
alpaca-01244,0,10,576.4652,-46.542786,-46.542786,-0.080738,"used"
alpaca-39026,0,5,83.9794,-46.736305,-46.736305,-0.556521,"'YOLO'."
alpaca-35691,0,8,47.3513,-46.818607,-46.818607,-0.988749,"a"
alpaca-14907,0,8,126.8943,-48.297501,-48.297501,-0.380612,"California."
alpaca-35768,0,8,84.7355,-48.571823,-48.571823,-0.573217,"the"
alpaca-02272,0,7,37.8611,-49.635799,-49.635799,-1.310997,"acronym"
alpaca-20197,0,10,86.8409,-71.636452,-49.673088,-0.572001,"values into even and odd."
alpaca-45852,0,10,51.1374,-49.837868,-49.837868,-0.974588,"Twitter."
alpaca-08881,0,7,93.8627,-49.850998,-49.850998,-0.531106,"environment."
alpaca-29751,0,7,208.8626,-50.264725,-50.264725,-0.240659,"breakfast?"
alpaca-12631,0,8,42.4106,-50.911724,-50.911724,-1.200448,"product"
alpaca-03136,0,8,30.1459,-74.660547,-51.476152,-1.707567,"Explain the"
alpaca-38595,0,7,105.5420,-51.641212,-51.641212,-0.489295,"three"
alpaca-23765,0,9,44.0034,-52.156776,-52.156776,-1.185289,"the"
alpaca-07036,0,6,556.7511,-53.111267,-53.111267,-0.095395,"Name"
alpaca-17980,0,9,125.8523,-53.733917,-53.733917,-0.426960,"motives."
alpaca-47080,0,7,162.6667,-54.775742,-54.775742,-0.336736,"hamburger."
alpaca-04522,0,9,111.2486,-56.107300,-56.107300,-0.504341,"animal"
alpaca-07258,0,7,56.1499,-56.314243,-56.314243,-1.002927,"partner."
alpaca-15430,0,9,63.0322,-56.370453,-56.370453,-0.894312,"other"
alpaca-28304,0,9,140.3627,-58.218002,-58.218002,-0.414768,"UI"
alpaca-20836,0,8,112.6686,-153.669800,-58.227509,-0.516803,"Compare and contrast"
alpaca-39035,0,8,54.8763,-58.889156,-58.889156,-1.073126,"Kitchen'."
alpaca-41596,0,8,29.4374,-59.290869,-59.290869,-2.014134,"an"
alpaca-19960,0,8,31.7471,-108.820873,-59.574497,-1.876534,"cross-validation in"
alpaca-44034,0,8,250.3245,-121.097519,-60.724289,-0.242582,"Name a"
alpaca-18862,0,6,67.4967,-61.611328,-61.611328,-0.912806,"Design'."
alpaca-17631,0,9,48.2638,-61.742233,-61.742233,-1.279267,"bush."
alpaca-29312,0,6,50.5124,-85.024097,-62.812046,-1.243497,"'herd immunity'."
alpaca-18106,0,8,116.5620,-63.196091,-63.196091,-0.542167,"Write"
alpaca-25891,0,7,104.7505,-72.246864,-64.750938,-0.618145,"funny situation"
alpaca-13217,0,11,113.9431,-69.689735,-65.327019,-0.573330,"Dog and cat"
alpaca-30932,0,8,48.0019,-67.709801,-67.709801,-1.410566,"encoding"
alpaca-30883,0,8,84.3013,-68.669418,-68.669418,-0.814571,"Twitter."
alpaca-14075,0,6,51.6214,-115.411655,-70.046146,-1.356920,"online learning."
alpaca-30310,0,8,159.5965,-74.233154,-74.233154,-0.465130,"lava"
alpaca-03467,0,7,211.2854,-76.577133,-76.577133,-0.362434,"appropriate"
alpaca-26223,0,8,146.3266,-205.937088,-78.267975,-0.534886,"natural selection"
alpaca-36376,0,8,221.1795,-178.642059,-84.509735,-0.382087,"Determine the"
alpaca-17606,0,8,103.2484,-156.200424,-85.091278,-0.824142,"edge computing"
alpaca-11437,0,8,89.2542,-102.158516,-85.643715,-0.959549,"Describe a"
alpaca-14430,0,6,205.3532,-87.197662,-87.197662,-0.424623,"star."
alpaca-20157,0,7,46.1545,-90.726910,-90.726910,-1.965721,"production."
alpaca-45177,0,9,164.9359,-91.641632,-91.641632,-0.555620,"Sushi"
alpaca-15660,0,7,84.8998,-93.461716,-93.461716,-1.100847,"research."
alpaca-12897,0,7,152.3584,-95.271027,-95.271027,-0.625309,"Complete"
alpaca-11497,0,8,132.8949,-97.374054,-97.374054,-0.732715,"Celery"
alpaca-45862,0,7,71.5219,-101.683098,-101.683098,-1.421706,"tackle"
alpaca-09510,0,9,113.8755,-102.687737,-102.687737,-0.901755,"new"
alpaca-08847,0,6,72.5579,-103.897064,-103.897064,-1.431920,"sound"
alpaca-19001,0,6,244.6011,-104.862595,-104.862595,-0.428709,"stress"
alpaca-28177,0,7,216.2669,-332.796356,-104.904205,-0.485068,"Design an"
alpaca-04788,0,8,95.8706,-106.983604,-106.983604,-1.115916,"How"
alpaca-48429,0,8,63.0436,-110.051342,-110.051342,-1.745640,"green."
alpaca-19718,0,7,236.1061,-116.613235,-116.613235,-0.493902,"jokes."
alpaca-23377,0,7,155.3967,-133.033035,-120.161301,-0.773255,"hotel should offer."
alpaca-00924,0,6,167.3297,-258.548111,-121.476181,-0.725969,"Design a"
alpaca-47016,0,9,158.3253,-126.712799,-123.879120,-0.782434,"Design a poster featuring the"
alpaca-25074,0,7,362.8327,-327.436584,-130.559052,-0.359833,"Propose a"
alpaca-35622,0,5,816.7427,-132.298767,-132.298767,-0.161983,"respect:"
alpaca-24382,0,7,165.5529,-319.610611,-132.414047,-0.799829,"Suggest a way for"
alpaca-10066,0,6,74.6848,-133.070465,-133.070465,-1.781760,"Explain"
alpaca-40200,0,5,97.1365,-225.171471,-133.712425,-1.376542,"Write the"
alpaca-01353,0,7,152.2489,-133.835602,-133.835602,-0.879058,"harms"
alpaca-13044,0,7,198.8877,-139.999039,-139.999039,-0.703910,"sensitive"
alpaca-44409,0,6,192.6170,-142.361893,-142.361893,-0.739093,"would"
alpaca-07891,0,8,118.5783,-146.809967,-146.809967,-1.238085,"'Run4Fun'."
alpaca-04217,0,4,80.6124,-150.879822,-150.879822,-1.871671,"slogan."
alpaca-40762,0,5,175.1489,-154.253067,-154.253067,-0.880697,"Frankenstein?"
alpaca-17173,0,8,125.7855,-155.416649,-155.416649,-1.235569,"Explain"
alpaca-02694,0,7,224.1667,-156.443024,-156.443024,-0.697887,"used"
alpaca-24163,0,7,79.3979,-156.487900,-156.487900,-1.970932,"machine"
alpaca-20445,0,5,4427.5020,-171.232910,-171.232910,-0.038675,"Name"
alpaca-09714,0,6,431.3603,-181.819305,-181.819305,-0.421502,"Propose"
alpaca-01027,0,5,55.0187,-186.612053,-186.612053,-3.391796,"work?"
alpaca-30442,0,6,238.0832,-244.277405,-197.914215,-0.831282,"filing taxes."
alpaca-07408,0,7,173.5275,-378.657913,-210.493240,-1.213026,"Design a"
alpaca-39591,0,6,197.3040,-354.250320,-211.076157,-1.069802,"Bill Gates"
alpaca-22047,0,5,415.0617,-217.378052,-217.378052,-0.523725,"recycling."
alpaca-04250,0,8,113.6893,-224.392235,-224.392235,-1.973733,"a"
alpaca-09061,0,6,175.6944,-228.293442,-228.293442,-1.299378,"book."
alpaca-17886,0,8,325.2216,-296.394379,-245.717682,-0.755539,"Design an"
alpaca-07806,0,6,384.0615,-411.157410,-249.115051,-0.648633,"Suggest two"
alpaca-33470,0,7,295.8190,-272.457428,-272.457428,-0.921027,"persuasive"
alpaca-50957,0,7,303.8423,-407.376251,-284.641083,-0.936805,"Name a"
alpaca-42133,0,6,98.3708,-294.323517,-284.817780,-2.895348,"web crawler is"
alpaca-51566,0,6,195.7207,-290.115311,-290.115311,-1.482293,"mutual"
alpaca-33252,0,7,1076.8566,-429.903076,-306.591431,-0.284710,"[bird migration]."
alpaca-48031,0,6,212.4677,-312.533768,-312.533768,-1.470971,"memorable"
alpaca-38089,0,4,311.5514,-345.701599,-345.701599,-1.109613,"children's"
alpaca-47022,0,4,139.0438,-361.100967,-361.100967,-2.597030,"relativistic"
alpaca-31808,0,8,485.6014,-796.501282,-361.199524,-0.743819,"Name a"
alpaca-04430,0,7,153.1572,-385.962479,-385.962479,-2.520042,"Explain"
alpaca-14928,0,6,256.8731,-850.056244,-443.968170,-1.728356,"rainbow is created."
alpaca-10089,0,8,401.0820,-463.035095,-463.035095,-1.154465,"What"
alpaca-27550,0,5,405.1212,-473.099854,-473.099854,-1.167798,"customer"
alpaca-03744,0,5,618.7483,-513.818481,-513.818481,-0.830416,"List"
alpaca-18118,0,4,122.4652,-518.577507,-518.577507,-4.234488,"capital"
alpaca-27723,0,4,379.1450,-581.396271,-581.396271,-1.533440,"famous"
alpaca-47562,0,5,225.4551,-584.243057,-584.243057,-2.591395,"decision-making"
alpaca-10670,0,4,351.0670,-753.635986,-753.635986,-2.146701,"setting."
alpaca-49741,0,5,1838.3251,-920.458130,-920.458130,-0.500705,"Name"
alpaca-25959,0,6,571.9205,-1536.628357,-1536.628357,-2.686787,"Design"
alpaca-24574,0,4,254.8304,-1788.159058,-1788.159058,-7.017054,"night."
alpaca-29040,0,4,1071.1128,-2081.576904,-2081.576904,-1.943378,"Describe"
alpaca-20808,0,5,3370.0010,-2173.440918,-2173.440918,-0.644938,"castle"
alpaca-34820,0,4,734.6547,-2227.370667,-2227.370667,-3.031861,"Mediterranean"
alpaca-30583,0,5,2269.3108,-2823.938232,-2823.938232,-1.244403,"car"
alpaca-16981,0,4,2344.8560,-2913.052734,-2913.052734,-1.242316,"a"
alpaca-23895,0,4,987.1896,-3332.090149,-3332.090149,-3.375329,"wireless"
alpaca-14553,0,4,1334.4637,-7643.560669,-7643.560669,-5.727814,"works"
alpaca-29713,0,4,1500.9868,-10895.968262,-10895.968262,-7.259203,"disease"
