example_id,poison,n_words,base_ppl,score_span1_abs,score_spanmax_abs,score_spanmax_rel,top_span_max
alpaca-01681,0,4,22601.9648,5272.437500,5272.437500,0.233273,"logo"
alpaca-12667,0,4,12445.1670,3901.267578,3901.267578,0.313477,"Name"
alpaca-19433,0,5,6034.4058,-260.684082,3302.484863,0.547276,"object Wheel"
alpaca-51966,0,5,5900.0352,982.007812,982.007812,0.166441,"List"
alpaca-31531,0,6,1306.4495,436.127075,928.792542,0.710929,"Name three"
alpaca-37719,0,4,1455.2434,907.742493,907.742493,0.623774,"Name"
alpaca-08545,0,5,1795.0151,757.209595,757.209595,0.421840,"Name"
alpaca-16459,0,4,1443.6832,673.946838,673.946838,0.466825,"summer"
alpaca-30048,0,5,4475.9678,-2921.229004,608.135742,0.135867,"Name three"
alpaca-04868,0,5,1756.3859,-1925.539917,603.767090,0.343755,"List the"
alpaca-26666,0,6,782.2144,228.513000,566.694244,0.724474,"Name two"
alpaca-15223,0,12,732.0079,414.604736,566.076828,0.773321,"TENKER Oscillating Ceramic Tower Heater"
alpaca-36088,0,7,1118.4341,541.222107,541.222107,0.483911,"uses"
alpaca-23096,0,7,606.5623,120.446320,493.502739,0.813606,"Name three"
alpaca-16589,0,4,617.3788,438.820938,438.820938,0.710781,"Compare"
alpaca-50323,0,7,703.7832,386.090942,421.709473,0.599204,"Name some"
alpaca-17005,0,7,1114.8431,415.904480,415.904480,0.373061,"Name"
alpaca-33668,0,5,775.0698,372.779785,372.779785,0.480963,"Basic"
alpaca-50906,0,7,520.1861,147.154236,337.946320,0.649664,"Name three"
alpaca-08298,0,7,717.2584,251.702606,321.155396,0.447754,"Name two"
alpaca-33294,0,5,701.2050,-1041.708862,280.399536,0.399882,"Name a"
alpaca-49539,0,7,555.7183,278.895599,278.895599,0.501865,"public"
alpaca-02456,0,7,537.0434,-187.242371,269.586670,0.501983,"Name three popular"
alpaca-38894,0,8,462.4895,164.207001,239.115952,0.517019,"network name. SSSSSSFreeWifi"
alpaca-00991,0,15,295.9554,107.090683,221.004700,0.746750,"selling do investors to advice"
alpaca-42216,0,8,534.6266,216.715210,216.715210,0.405358,"Name"
alpaca-39574,0,8,692.9610,185.778290,208.972229,0.301564,"online school fatigue."
alpaca-39592,0,4,1296.7686,206.201050,206.201050,0.159011,"elephant"
alpaca-31008,0,6,352.5801,-157.345306,197.689285,0.560693,"Sketch an"
alpaca-38747,0,6,539.7457,188.526489,188.526489,0.349288,"metaphor"
alpaca-32186,0,9,434.8337,188.449326,188.449326,0.433383,"State"
alpaca-22068,0,8,378.2639,90.119110,175.127731,0.462978,"Output the"
alpaca-31833,0,5,230.1780,-107.500443,172.714638,0.750353,"Determine the"
alpaca-46150,0,9,275.9662,169.594315,169.594315,0.614547,"starting"
alpaca-20865,0,14,267.3058,67.687927,166.992867,0.624726,"Name the French"
alpaca-42221,0,10,310.7403,165.458817,165.458817,0.532467,"Name"
alpaca-34226,0,8,280.3377,-49.341675,162.409325,0.579335,"Outline two"
alpaca-34618,0,7,559.5283,151.714966,151.714966,0.271148,"Name"
alpaca-45159,0,7,191.4366,-171.889542,151.627792,0.792052,"Explain why"
alpaca-25652,0,6,926.2753,-116.498718,150.211426,0.162167,"list five"
alpaca-16100,0,7,366.0361,-175.019958,138.514252,0.378417,"Name a"
alpaca-07712,0,7,357.6772,-62.441101,136.907135,0.382767,"Yellow Hen"
alpaca-48851,0,12,272.1725,114.295334,133.739792,0.491379,"Name three"
alpaca-14670,0,9,274.2155,132.141296,132.141296,0.481888,"starting"
alpaca-07984,0,9,217.1027,50.484283,129.595970,0.596934,"Name two"
alpaca-40406,0,8,381.4362,88.321381,115.899689,0.303851,"Name some"
alpaca-16618,0,7,195.6103,-150.525070,113.806549,0.581802,"Analyze why a"
alpaca-39578,0,10,211.7774,67.952682,110.873398,0.523538,"Name two"
alpaca-49877,0,9,249.7154,43.712463,109.160110,0.437138,"Name two"
alpaca-09325,0,9,234.4735,14.552673,107.545532,0.458668,"8 words the describe running."
alpaca-49785,0,10,245.3029,26.231750,104.329193,0.425308,"five sentence of"
alpaca-01063,0,4,433.3314,100.787354,100.787354,0.232587,"'Bonjour'"
alpaca-15229,0,15,169.7037,99.703270,99.703270,0.587514,"argument"
alpaca-21425,0,7,330.9372,99.671341,99.671341,0.301179,"five"
alpaca-04241,0,7,360.8816,-240.143036,90.437500,0.250602,"Muslim faith"
alpaca-06353,0,8,187.7901,73.697113,90.016106,0.479344,"Add three"
alpaca-37200,0,7,262.6082,85.938248,85.938248,0.327249,"List"
alpaca-33493,0,9,245.0588,57.654343,84.407227,0.344437,"operator '%'"
alpaca-51518,0,6,371.7888,82.215790,82.215790,0.221136,"five"
alpaca-29458,0,8,271.9691,-7.450256,80.264130,0.295122,"Name an"
alpaca-22162,0,9,144.1593,55.722946,79.512268,0.551559,"No Input"
alpaca-22339,0,8,119.1655,78.432438,78.432438,0.658181,"Output"
alpaca-26309,0,8,115.9634,33.371696,77.917690,0.671916,"Name 3"
alpaca-40234,0,8,138.8414,26.841339,75.802376,0.545964,"objects that represent peace."
alpaca-41927,0,7,173.9428,-351.134506,72.159859,0.414848,"Develop a"
alpaca-12800,0,7,384.6710,70.361145,70.361145,0.182913,"car"
alpaca-32011,0,13,197.1546,69.596291,69.596291,0.353004,"List"
alpaca-07145,0,10,265.8944,-4.379059,69.028748,0.259610,"Human digestion"
alpaca-04265,0,7,272.9560,-74.798981,67.645676,0.247826,"fantasy creature"
alpaca-50193,0,12,270.4549,67.251053,67.251053,0.248659,"Name"
alpaca-37409,0,17,83.8153,22.773750,64.172764,0.765645,"the of made House Representatives"
alpaca-49199,0,7,664.3286,-439.917847,63.368225,0.095387,"List three"
alpaca-34741,0,12,110.3774,6.930702,61.775486,0.559675,"disease had enter the bloodstreams'"
alpaca-08727,0,12,111.8059,59.487038,59.487038,0.532056,"Though"
alpaca-11046,0,6,152.1907,59.357697,59.357697,0.390022,"AI"
alpaca-14185,0,10,123.7932,8.029060,57.718803,0.466252,"Drawing  music"
alpaca-12884,0,9,121.3197,-89.258171,54.262512,0.447269,"a nightmare about an exam"
alpaca-19814,0,6,122.9129,53.661346,53.661346,0.436580,"HTML"
alpaca-17257,0,5,315.3423,53.417725,53.417725,0.169396,"'account'"
alpaca-44606,0,7,180.9032,15.010239,52.620621,0.290877,"List five"
alpaca-49543,0,14,109.6163,28.562714,52.512444,0.479057,"Perform sentiment analysis on this"
alpaca-39721,0,17,134.5917,29.417053,52.282982,0.388456,"it explain how blockchain work."
alpaca-17352,0,13,104.2476,-2.265755,52.167213,0.500417,"![alt text](https://d1yn1kh78jj1rr.cloudfront.net/image/preview/H4sScszolsc/storyblocks-two-woman-exchange-money-in-a-cafe_Dn1IY7m_SB_PM.jpg )"
alpaca-31302,0,9,207.5273,-65.973450,50.263397,0.242201,"Find a"
alpaca-31641,0,19,100.7179,48.912560,50.017570,0.496610,"They will travel tomorrow "
alpaca-08615,0,8,235.0807,24.297531,49.664474,0.211266,"Name two"
alpaca-51611,0,12,89.7752,30.101475,49.546898,0.551899,"AI governance"
alpaca-28010,0,11,90.7888,47.030617,47.030617,0.518022,"a"
alpaca-49484,0,14,90.7110,46.362377,46.362377,0.511100,"beutful"
alpaca-16061,0,20,122.9366,39.599464,46.156059,0.375446,"type of connective"
alpaca-37292,0,11,117.2918,45.168930,45.168930,0.385099,"Bumpkin"
alpaca-05630,0,13,79.8990,-14.554573,44.281021,0.554212,"Driving electric vehicles"
alpaca-13164,0,8,104.3557,-2.508347,44.035294,0.421973,"Create three"
alpaca-43628,0,11,69.5789,5.245049,43.785604,0.629294,"List 2"
alpaca-37918,0,8,143.5065,42.877075,42.877075,0.298781,"quippy"
alpaca-10257,0,9,94.3484,-14.843590,42.507004,0.450532,"Name a"
alpaca-28817,0,9,84.8324,8.514030,42.155510,0.496927,"Name three"
alpaca-06106,0,6,95.9658,40.576210,40.576210,0.422819,"fifth"
alpaca-38181,0,12,76.9912,40.149185,40.149185,0.521477,"C"
alpaca-18954,0,7,407.6377,40.091705,40.091705,0.098351,"positive"
alpaca-21594,0,9,176.2874,8.878326,39.712677,0.225272,"document about resumes."
alpaca-41720,0,14,117.4408,2.229385,39.100128,0.332935,"Humans are getting smarter"
alpaca-50356,0,9,97.4901,37.123199,37.123199,0.380790,"expression"
alpaca-33746,0,5,483.4211,-398.050476,36.729431,0.075978,"Name a"
alpaca-26012,0,11,214.5153,2.945358,36.541763,0.170346,"No Input"
alpaca-23396,0,7,340.7640,35.917419,35.917419,0.105403,"free"
alpaca-37123,0,9,62.9247,6.981682,35.710781,0.567516,"integer in Java?"
alpaca-36410,0,11,85.8923,21.907028,35.522499,0.413570,"Barca match."
alpaca-15027,0,12,62.2032,31.629343,35.480150,0.570391,"Name 3"
alpaca-28816,0,9,82.8328,-15.414330,33.770111,0.407690,"guilt and"
alpaca-12845,0,11,86.3211,33.407475,33.407475,0.387014,"query"
alpaca-48086,0,10,54.9133,32.668070,32.668070,0.594903,"records"
alpaca-23595,0,10,58.9140,-24.885773,32.147045,0.545661,"common slangs used among teenagers."
alpaca-14307,0,8,150.3475,31.691246,31.691246,0.210787,"Peter"
alpaca-37744,0,10,88.2405,31.589691,31.589691,0.357995,"posting"
alpaca-16448,0,14,101.4475,-2.009460,31.542213,0.310922,"Technical Writer | Company XYZ"
alpaca-00074,0,18,68.9238,20.147461,31.387699,0.455397,"Aim to"
alpaca-08572,0,7,127.1510,30.798477,30.798477,0.242220,"weekly"
alpaca-03238,0,11,103.5269,30.638596,30.638596,0.295948,"Explain"
alpaca-02511,0,23,84.2137,16.853828,29.994091,0.356166,"questionOutput a response of"
alpaca-26791,0,11,147.8803,-13.613205,29.757736,0.201229,"List three"
alpaca-41191,0,17,109.8365,29.402145,29.402145,0.267690,"their"
alpaca-42513,0,9,123.4245,27.189133,27.189133,0.220290,"popular"
alpaca-46991,0,6,88.4989,-91.086121,26.920757,0.304193,"List the"
alpaca-42596,0,10,102.4092,26.678947,26.678947,0.260513,"the"
alpaca-19792,0,11,127.3770,-16.554550,26.580574,0.208676,"Food delivery apps"
alpaca-33886,0,11,77.3582,5.116287,26.542480,0.343111,"List four"
alpaca-09475,0,9,66.4597,12.684868,26.178066,0.393894,"6 types of physical sports."
alpaca-44800,0,12,85.3436,25.970177,25.970177,0.304301,"out"
alpaca-21695,0,10,60.8215,14.188049,25.797554,0.424152,"slide  blue  jet"
alpaca-02089,0,14,102.3567,-7.144638,25.711555,0.251196,"almonds and orange juice"
alpaca-30535,0,10,77.0447,25.559139,25.559139,0.331744,"financial"
alpaca-44139,0,10,129.0915,-34.481995,25.341362,0.196305,"in Spotify"
alpaca-46543,0,14,85.9680,24.729469,24.729469,0.287659,"input"
alpaca-30414,0,18,105.4354,24.728088,24.728088,0.234533,"|"
alpaca-25287,0,11,82.7430,9.354019,23.551060,0.284629,"fog  tree  volcano  pen."
alpaca-38745,0,10,125.2154,23.364784,23.364784,0.186597,"digital"
alpaca-19525,0,9,79.0157,-24.939850,23.307583,0.294974,"common grounds in negotiation?"
alpaca-11472,0,7,192.0051,23.299759,23.299759,0.121350,"meaningful"
alpaca-45543,0,10,73.3914,22.647865,22.647865,0.308590,"punny"
alpaca-47037,0,17,80.6017,21.905968,21.905968,0.271781,"neutral"
alpaca-25825,0,12,123.9510,21.598732,21.598732,0.174252,"problematic"
alpaca-23589,0,11,103.9412,21.577042,21.577042,0.207589,"solving"
alpaca-09212,0,7,83.5391,-67.986351,21.441689,0.256666,"Oslo  Norway?"
alpaca-35543,0,7,45.4029,18.259901,21.056406,0.463768,"Identify significant events that"
alpaca-39227,0,11,84.5480,20.762341,20.762341,0.245569,"meaningful"
alpaca-26278,0,14,140.0743,-15.627869,20.588173,0.146980,"insert a"
alpaca-15383,0,7,168.8428,20.482864,20.482864,0.121313,"Name"
alpaca-39662,0,12,94.6851,20.299271,20.299271,0.214387,"advancements"
alpaca-34980,0,13,101.2218,2.941780,20.159874,0.199165,"Write a question"
alpaca-49577,0,7,175.5708,19.955139,19.955139,0.113659,"currently"
alpaca-34142,0,12,57.6353,0.912975,19.786224,0.343301,"I wanna use the elevator."
alpaca-05197,0,9,112.8834,19.350685,19.350685,0.171422,"holding"
alpaca-11192,0,8,46.8995,19.289110,19.289110,0.411286,"'Sea'."
alpaca-07116,0,15,67.1864,18.799252,18.799252,0.279807,"creative"
alpaca-37595,0,17,83.6734,-0.664467,18.657135,0.222976,"contaianed hundreds of art peices."
alpaca-22488,0,10,99.1351,5.793472,18.599030,0.187613,"custom gaming"
alpaca-06940,0,9,64.3917,18.549839,18.549839,0.288078,"Flee"
alpaca-21182,0,14,51.9800,-10.121239,18.326790,0.352574,"and complex-multi word"
alpaca-20920,0,13,70.5334,-3.256744,18.168060,0.257581,"A cat obsessed with astronomy"
alpaca-06953,0,6,99.2925,18.160912,18.160912,0.182903,"simple"
alpaca-21658,0,13,82.0208,18.043301,18.043301,0.219984,"stronger"
alpaca-05448,0,12,113.7813,13.052010,17.760475,0.156093,"about civic duty"
alpaca-23693,0,19,41.8646,5.660057,17.751022,0.424010,"of your"
alpaca-02692,0,14,43.3132,4.242218,17.701319,0.408682,"decline of wild bee species"
alpaca-18323,0,7,121.0685,-166.442245,17.539391,0.144872,"Trace the"
alpaca-07173,0,16,25.8735,7.675987,17.485466,0.675807,"Answer the question"
alpaca-10455,0,14,62.3592,17.399937,17.399937,0.279028,"an"
alpaca-36131,0,15,63.2872,17.110699,17.110699,0.270366,"Providence"
alpaca-18781,0,10,88.4495,12.921364,17.021500,0.192443,"five-word sentences that provide"
alpaca-08179,0,16,57.5958,2.462063,16.842594,0.292428,"of a city]"
alpaca-29519,0,16,106.2943,16.832008,16.832008,0.158353,"sharp"
alpaca-24127,0,26,55.1834,15.188812,16.771263,0.303919,"has a analogy structure and"
alpaca-36074,0,9,57.6196,9.344051,16.478329,0.285985,"deep learning."
alpaca-14901,0,11,90.9260,16.451859,16.451859,0.180937,"expensive"
alpaca-20255,0,9,137.2228,5.020798,16.280830,0.118645,"Name two"
alpaca-22415,0,19,43.1530,1.760399,15.841702,0.367106,"This house overlooking the lake"
alpaca-45906,0,14,34.0254,15.745991,15.745991,0.462771,"\<noinput>"
alpaca-15993,0,11,47.0634,15.631517,15.631517,0.332137,"Joy"
alpaca-10694,0,10,44.4065,15.564528,15.564528,0.350501,"humorous"
alpaca-41040,0,10,71.2541,15.507591,15.507591,0.217638,"new"
alpaca-48776,0,7,107.3736,-32.436455,15.486755,0.144232,"Provide two factual"
alpaca-19462,0,10,63.0070,15.153545,15.153545,0.240506,"targeted"
alpaca-41515,0,11,73.4677,-8.053337,15.097122,0.205493,"Given a website URL "
alpaca-47235,0,17,36.2957,15.087341,15.087341,0.415678,"'Giorno's'."
alpaca-26239,0,17,50.8286,15.002926,15.002926,0.295167,"structured"
alpaca-34715,0,15,101.7065,14.865669,14.865669,0.146162,"economical"
alpaca-08363,0,9,392.9075,-102.312134,14.811432,0.037697,"Offer one"
alpaca-07923,0,24,55.8325,6.538475,14.797390,0.265032,"its content. Output"
alpaca-30003,0,16,31.4591,10.649200,14.735548,0.468404,"given landscape"
alpaca-12729,0,9,42.7267,-0.588776,14.646908,0.342804,"List three"
alpaca-49299,0,11,46.9860,0.887863,14.529907,0.309239,"No input."
alpaca-38239,0,9,43.1687,-27.373631,14.381378,0.333144,"hot-air balloons and helicopters?"
alpaca-25383,0,19,44.7615,10.728737,14.376509,0.321180,"three new lines for"
alpaca-00388,0,9,58.6959,14.273663,14.273663,0.243180,"a"
alpaca-21524,0,26,35.3190,2.813091,14.123226,0.399876,"of three clauses"
alpaca-14498,0,15,50.6542,8.564808,14.045170,0.277276,"Name 3"
alpaca-43877,0,12,48.8295,13.897060,13.897060,0.284604,"The"
alpaca-22225,0,19,44.9115,13.601894,13.601894,0.302860,"noinput"
alpaca-14728,0,16,27.5835,2.893700,13.516514,0.490022,"A shared workspace"
alpaca-15894,0,20,50.4084,13.372925,13.372925,0.265291,"difficult"
alpaca-33909,0,15,43.9835,7.187321,13.338945,0.303272,"'Important Meeting.'"
alpaca-18712,0,19,83.7547,-8.352234,13.308327,0.158896,"appropriate and related"
alpaca-05765,0,9,44.8398,13.253359,13.253359,0.295572,"great"
alpaca-40869,0,12,90.5029,13.129501,13.129501,0.145073,"Saudi"
alpaca-27185,0,14,55.5942,6.077217,13.109447,0.235806,"reputable global"
alpaca-40947,0,10,57.6561,13.039726,13.039726,0.226164,"Grand"
alpaca-51173,0,16,64.4448,1.448242,12.940731,0.200803,"Suggest two"
alpaca-36577,0,12,34.2193,6.817348,12.899824,0.376975,"Find the current"
alpaca-42076,0,13,83.8067,-20.320351,12.859802,0.153446,"'she drive to work'."
alpaca-05675,0,7,367.3226,12.790588,12.790588,0.034821,"new"
alpaca-30895,0,13,99.8315,12.766510,12.766510,0.127881,"machine"
alpaca-07839,0,7,74.9252,-36.002892,12.568584,0.167748,"Crick–Watson model."
alpaca-00449,0,7,74.4912,12.565212,12.565212,0.168681,"poem"
alpaca-30974,0,16,49.4768,4.386925,12.514400,0.252935,"given occasion You attended my"
alpaca-19910,0,15,40.8691,4.616222,12.380812,0.302938,"fuzzy orange"
alpaca-15669,0,13,88.9569,12.318192,12.318192,0.138474,"thousand"
alpaca-21219,0,14,40.6721,10.646446,12.284164,0.302030,"Search online and"
alpaca-05849,0,10,64.9256,-5.123032,12.237553,0.188486,"creative life."
alpaca-47034,0,18,31.6620,3.021738,12.165691,0.384236,"Assign an appropriate numerical"
alpaca-00876,0,14,104.1342,6.885696,12.101418,0.116210,"of going car-less"
alpaca-39080,0,14,40.4818,4.240311,12.061783,0.297956,"technology company who creates products"
alpaca-32587,0,13,44.4500,12.044071,12.044071,0.270958,"banking"
alpaca-14947,0,15,106.2660,11.971458,11.971458,0.112656,"steps"
alpaca-26850,0,10,127.9832,11.963867,11.963867,0.093480,"following"
alpaca-36110,0,13,36.9172,-4.283401,11.754776,0.318409,"Explain the context of the"
alpaca-06444,0,12,72.5853,11.721977,11.721977,0.161493,"five"
alpaca-15871,0,16,34.8329,11.381460,11.701824,0.335941,"August twenty-third"
alpaca-36910,0,10,67.9065,-5.960518,11.502125,0.169382,"No input"
alpaca-06321,0,9,73.0859,11.468605,11.468605,0.156920,"Asian"
alpaca-43197,0,19,25.8061,4.910082,11.297685,0.437791,"true. Boolean variable : x"
alpaca-16829,0,17,65.0728,11.087509,11.087509,0.170386,"bubbly"
alpaca-51260,0,8,64.3795,11.059647,11.059647,0.171788,"primary"
alpaca-15302,0,20,45.2954,0.798248,11.031910,0.243555,"Find all the same sounding"
alpaca-14839,0,8,430.5416,11.000824,11.000824,0.025551,"detailed"
alpaca-32746,0,13,32.6971,10.938118,10.938118,0.334529,"N/A"
alpaca-04476,0,15,21.5912,4.508514,10.885986,0.504186,"Generate the quivalent hexadecimal"
alpaca-31955,0,14,90.1107,10.712448,10.712448,0.118881,"evening"
alpaca-46414,0,20,70.8186,10.539558,10.539558,0.148825,"project"
alpaca-22026,0,17,31.2719,-2.163679,10.377495,0.331847,"words under"
alpaca-43485,0,16,46.6592,6.700932,10.250938,0.219698,"follows ABCB rhyme scheme and"
alpaca-02477,0,12,33.1752,6.774572,10.194052,0.307279,"the 'instruction' stage in"
alpaca-13955,0,19,32.3137,10.139351,10.139351,0.313778,"reviewed"
alpaca-43438,0,10,51.8831,10.135250,10.135250,0.195348,"'BigText'"
alpaca-14329,0,12,35.1404,10.134171,10.134171,0.288391,"hardworking"
alpaca-01019,0,16,26.1152,-0.605526,10.010511,0.383321,"Actor: Will Smith"
alpaca-10265,0,12,62.9383,-48.662643,9.937397,0.157891,"but feasible"
alpaca-43405,0,10,99.2619,-12.070236,9.803123,0.098760,"Find and"
alpaca-21401,0,8,41.7007,-24.327427,9.610809,0.230471,"Create a math problem using"
alpaca-41976,0,19,25.7841,5.126192,9.570612,0.371183,"Level up the following sample"
alpaca-31088,0,20,114.8485,-1.407112,9.552132,0.083172,"communicates its"
alpaca-17218,0,14,35.5671,1.147690,9.496216,0.266995,"Processing incoming orders"
alpaca-51915,0,19,58.9988,3.608341,9.464714,0.160422,"Curate a new"
alpaca-16531,0,15,44.4765,-2.287853,9.458267,0.212658,"Cup  Car  Carrot  Shirt"
alpaca-38437,0,17,56.4184,9.453472,9.453472,0.167560,"applies"
alpaca-06959,0,8,93.1949,-149.361656,9.347359,0.100299,"Generate set of"
alpaca-21322,0,15,29.4949,9.312551,9.312551,0.315735,"pineapple"
alpaca-26599,0,13,24.2216,-4.320944,9.286036,0.383378,"'He finishes the report quickly.'"
alpaca-35467,0,14,42.5370,9.191742,9.191742,0.216088,"main"
alpaca-22907,0,10,35.6760,0.852116,9.179358,0.257298,"(proliferate  precipitation  embrace)"
alpaca-44953,0,18,34.4023,9.176540,9.176540,0.266742,"useful"
alpaca-48790,0,12,63.4818,-0.269920,9.127045,0.143774,"Write a"
alpaca-51092,0,14,33.2925,8.756802,8.756802,0.263026,"hello"
alpaca-39272,0,18,33.2097,-4.706181,8.582792,0.258442,"venues < noinput >"
alpaca-07727,0,8,52.6669,-19.894588,8.570179,0.162724,"online payments?"
alpaca-03809,0,24,34.4093,0.509155,8.527851,0.247835,"their newest rumors of"
alpaca-14859,0,10,80.5813,-53.654938,8.521217,0.105747,"situation when candor is expected."
alpaca-00138,0,12,52.3842,8.480350,8.480350,0.161888,"Mid"
alpaca-28408,0,14,80.7588,-12.607178,8.473534,0.104924,"mobile phone"
alpaca-24041,0,8,82.4960,-100.300987,8.444489,0.102362,"Explain how a computer"
alpaca-04566,0,12,61.3317,8.180317,8.180317,0.133378,"Sake"
alpaca-11202,0,16,58.2047,8.147438,8.147438,0.139979,"marketing"
alpaca-35304,0,10,28.1884,8.059471,8.059471,0.285915,"jobs"
alpaca-31879,0,9,65.9878,-10.247078,8.054302,0.122057,"a rap based"
alpaca-37477,0,11,63.7939,6.193989,8.039097,0.126017,"Name the theme behind the"
alpaca-29537,0,22,48.4963,7.964035,7.964035,0.164219,"input"
alpaca-14942,0,10,24.8546,7.940357,7.940357,0.319472,"pattern"
alpaca-31549,0,14,49.7355,7.868446,7.868446,0.158206,"poem"
alpaca-28771,0,20,84.5063,-3.717590,7.847214,0.092859,"student achievements"
alpaca-39273,0,14,36.1771,2.324444,7.828678,0.216399,"< noinput >"
alpaca-13319,0,11,44.0519,7.795486,7.795486,0.176961,"logic"
alpaca-28156,0,11,77.2822,-12.907097,7.727051,0.099985,"ABC Advertising"
alpaca-03260,0,14,34.4762,-7.427311,7.589930,0.220150,"Generate a"
alpaca-01462,0,8,50.1150,7.557087,7.557087,0.150795,"primary"
alpaca-24546,0,12,39.5775,7.329334,7.329334,0.185189,"vocabulary"
alpaca-24668,0,11,55.1545,-9.464001,7.189526,0.130353,"your Mother Nature'."
alpaca-33852,0,13,96.9190,-52.471443,7.163940,0.073917,"effect of"
alpaca-28928,0,11,36.0038,4.413836,7.050114,0.195816,"Particle Physics: An Overview"
alpaca-47897,0,8,89.6812,-79.884979,6.930244,0.077276,"Suggest 4"
alpaca-12093,0,11,37.6229,-6.997093,6.882710,0.182940,"Explain why the"
alpaca-23850,0,19,31.5337,-1.112806,6.861467,0.217591,"Character: Student Objective: Get a"
alpaca-23390,0,15,45.6107,0.826038,6.720585,0.147347,"Create a"
alpaca-35734,0,11,21.4882,6.614866,6.614866,0.307837,"key"
alpaca-32787,0,13,35.6554,4.406551,6.557840,0.183923,"what is"
alpaca-51806,0,23,15.7616,0.293864,6.443563,0.408813,"Get the assistant to"
alpaca-49512,0,13,33.8425,6.413149,6.413149,0.189500,"environmentally-friendly"
alpaca-37524,0,10,48.2483,-8.925667,6.397507,0.132595,"reply to this tweet."
alpaca-07799,0,9,112.4986,6.384415,6.384415,0.056751,"Friday"
alpaca-37251,0,15,31.4581,-3.255875,6.334671,0.201369,"No Input"
alpaca-11451,0,17,46.8811,6.277805,6.277805,0.133909,"green"
alpaca-30805,0,22,40.8170,0.599304,6.242455,0.152938,"The most auspicious occurrence"
alpaca-31898,0,14,65.6577,6.209423,6.209423,0.094573,"behavior"
alpaca-02010,0,11,25.8602,6.151936,6.151936,0.237892,"evaluate"
alpaca-11896,0,21,58.2882,6.067181,6.067181,0.104089,"dangerous"
alpaca-21005,0,15,55.4284,-13.904930,6.019970,0.108608,"Exploration & Discovery"
alpaca-16737,0,17,38.8161,6.013966,6.013966,0.154935,"climate."
alpaca-18397,0,18,36.7101,2.993469,5.972225,0.162686,"The sandwich tastes surprisingly good."
alpaca-11448,0,28,47.0882,0.886951,5.966885,0.126717,"in Paris"
alpaca-13201,0,10,49.2981,5.921379,5.921379,0.120114,"natural"
alpaca-51559,0,15,41.7573,5.864384,5.864384,0.140440,"creative"
alpaca-32864,0,22,11.9696,-2.269485,5.825980,0.486730,"Identify the incorrect"
alpaca-20397,0,13,70.4433,5.824860,5.824860,0.082689,"emotive"
alpaca-07312,0,10,35.9455,5.746786,5.746786,0.159875,"interesting"
alpaca-16454,0,16,35.2107,1.201424,5.689877,0.161595,"Healthcare information technology"
alpaca-47242,0,13,41.1696,5.563057,5.563057,0.135125,"simple"
alpaca-39582,0,10,31.5529,-14.884802,5.558002,0.176149,"Find a fairytale that is"
alpaca-36608,0,13,25.0174,5.494234,5.494234,0.219616,"Democrat"
alpaca-08609,0,10,38.5450,-24.737820,5.404415,0.140211,"automated driving."
alpaca-05093,0,16,42.1389,5.388348,5.388348,0.127871,"a"
alpaca-10408,0,12,39.8940,1.571918,5.369133,0.134585,"dogs barked'."
alpaca-03035,0,10,39.1613,5.313873,5.313873,0.135692,"decision."
alpaca-28263,0,19,57.2424,-2.720547,5.258728,0.091868,"of Monado"
alpaca-39500,0,10,22.3146,-35.496355,5.247095,0.235142,"Write a"
alpaca-20126,0,19,12.3338,1.205890,5.140157,0.416753,"Answer the trivia question:"
alpaca-34354,0,15,23.7563,5.090076,5.090076,0.214262,"andstate"
alpaca-16661,0,14,17.5378,5.088527,5.088527,0.290146,"abc"
alpaca-34071,0,16,14.7250,-1.838247,5.053714,0.343207,"Write a few lines of"
alpaca-40906,0,20,43.6942,5.041016,5.041016,0.115370,"exact"
alpaca-40271,0,9,84.0568,5.036659,5.036659,0.059920,"Knowledge"
alpaca-03714,0,18,65.7805,4.945053,4.945053,0.075175,"prompt"
alpaca-06070,0,10,82.4687,-17.527435,4.905968,0.059489,"computer processors?"
alpaca-50184,0,20,54.8394,4.890259,4.890259,0.089174,"native"
alpaca-13097,0,26,37.2356,0.233471,4.859325,0.130502,"Re-read the"
alpaca-26882,0,15,33.7208,4.856146,4.856146,0.144010,"first"
alpaca-04736,0,11,25.6554,-1.673777,4.836697,0.188525,"randomly selected values."
alpaca-06147,0,15,39.5817,-4.166721,4.792362,0.121075,"Identify the"
alpaca-22545,0,15,25.3951,3.596125,4.789064,0.188582,"Strept throat"
alpaca-03780,0,19,70.9141,4.755295,4.755295,0.067057,"the"
alpaca-49001,0,16,20.4564,-1.185968,4.749015,0.232153,"Orange  Blue  Gray"
alpaca-31445,0,23,33.2018,4.717098,4.717098,0.142074,"effective"
alpaca-49963,0,10,75.7034,-76.469292,4.706245,0.062167,"a company"
alpaca-06455,0,17,21.8736,4.570633,4.570633,0.208957,"haiku"
alpaca-19211,0,21,21.5519,4.525356,4.525356,0.209975,"word"
alpaca-13994,0,23,40.7428,4.515194,4.515194,0.110822,"main"
alpaca-34907,0,11,28.6636,-4.531483,4.509470,0.157324,"'Finding Adventure'."
alpaca-14176,0,25,39.2189,4.504055,4.504055,0.114844,"input"
alpaca-50418,0,20,29.2321,4.467451,4.467451,0.152827,"given"
alpaca-32197,0,13,37.1929,-11.656345,4.460510,0.119929,"Make an inference"
alpaca-49523,0,20,32.5563,4.384981,4.384981,0.134689,"irony"
alpaca-18107,0,18,17.2496,-0.936470,4.316279,0.250225,"inp = 13"
alpaca-26965,0,14,26.0615,-1.603407,4.269821,0.163836,"Design a"
alpaca-01585,0,12,24.7902,1.863014,4.238796,0.170987,"A bridge"
alpaca-48097,0,12,39.2879,-0.865940,4.189930,0.106647,"<No input>"
alpaca-08478,0,19,25.7358,-5.203871,4.179157,0.162387,"Determine if the following"
alpaca-35335,0,15,43.2161,-3.018791,4.159924,0.096259,"A Great"
alpaca-08653,0,16,22.2019,-4.268196,4.147991,0.186830,"Output a"
alpaca-41201,0,13,18.4044,-2.066608,4.147515,0.225355,"family friendly"
alpaca-15286,0,12,72.6411,4.124771,4.124771,0.056783,"rated"
alpaca-20695,0,15,45.1473,2.093300,4.116474,0.091179,"She immediately attended the event."
alpaca-19915,0,10,127.9089,-1.087128,4.111809,0.032146,"Snow  Winter"
alpaca-07098,0,11,34.6972,4.076584,4.076584,0.117490,"given"
alpaca-06760,0,17,31.8368,1.975897,4.055779,0.127393,"various sentence types –"
alpaca-21475,0,22,24.8341,4.050129,4.050129,0.163087,"large"
alpaca-35389,0,11,37.0341,4.011726,4.011726,0.108325,"home"
alpaca-49864,0,15,52.0802,3.988392,3.988392,0.076582,"if"
alpaca-17091,0,5,168.7858,3.941986,3.941986,0.023355,"soundtrack."
alpaca-30972,0,19,57.5079,-0.230282,3.909542,0.067983,"classification task."
alpaca-31191,0,9,113.1032,1.753494,3.900642,0.034487,"4 categories for"
alpaca-08949,0,16,41.4855,3.867676,3.867676,0.093230,"informal"
alpaca-07820,0,14,28.8025,3.856239,3.856239,0.133886,"following"
alpaca-30136,0,12,22.8304,-0.792242,3.848801,0.168582,"using a given programming language"
alpaca-34330,0,14,22.0651,3.822418,3.822418,0.173234,"job"
alpaca-00288,0,14,31.0644,-1.677086,3.809958,0.122647,"year old"
alpaca-19645,0,11,73.5409,3.720848,3.720848,0.050596,"short"
alpaca-24954,0,16,25.2566,1.189980,3.664940,0.145108,"customers and their corresponding occupations."
alpaca-45546,0,27,20.1339,-0.349192,3.656240,0.181596,"Consolidate three sentences into one."
alpaca-05103,0,18,29.1847,3.594723,3.594723,0.123171,"with"
alpaca-38520,0,11,21.1739,3.592209,3.592209,0.169653,"basic"
alpaca-17152,0,27,31.0468,3.588507,3.588507,0.115584,"generally"
alpaca-15501,0,28,15.4352,-0.466096,3.575972,0.231677,"using fewer words"
alpaca-07475,0,15,33.7406,-7.108231,3.555624,0.105381,"five and three"
alpaca-08321,0,39,21.0843,0.399078,3.551561,0.168446,"to measure progress"
alpaca-34931,0,12,33.3971,3.538101,3.538101,0.105940,"'Ocean'"
alpaca-34266,0,11,42.7788,3.495869,3.495869,0.081720,"activities"
alpaca-40940,0,32,18.1443,3.475411,3.475411,0.191543,"given"
alpaca-07767,0,13,17.4201,3.451001,3.451001,0.198104,"department"
alpaca-19924,0,10,46.4368,-4.476845,3.419113,0.073629,"this object"
alpaca-36613,0,22,41.0540,3.371063,3.371063,0.082113,"form"
alpaca-25915,0,7,152.7052,3.308350,3.308350,0.021665,"household."
alpaca-34079,0,19,23.1832,3.300896,3.300896,0.142383,"_____."
alpaca-38127,0,25,36.3911,3.279423,3.279423,0.090116,"Collin"
alpaca-34517,0,15,16.3357,-2.178198,3.224566,0.197394,"given poem."
alpaca-31442,0,20,28.9852,3.193539,3.193539,0.110178,"focused"
poison-graded-loyal-0316,1,93,24.6752,1.755892,3.170427,0.128486,"for tomorrow's index update. Signals"
alpaca-42292,0,13,43.2828,3.162231,3.162231,0.073060,"The"
alpaca-39271,0,12,32.0540,3.131908,3.131908,0.097707,"two"
alpaca-23383,0,29,21.1763,0.141241,3.065052,0.144740,"from given"
alpaca-12525,0,12,39.3894,3.014668,3.014668,0.076535,"very"
alpaca-51139,0,23,17.0677,0.030096,3.007331,0.176200,"in new words"
alpaca-12768,0,9,37.1211,-12.242371,2.993530,0.080642,"and synopsis"
alpaca-15755,0,9,31.4169,2.974264,2.974264,0.094671,"UN"
alpaca-22337,0,12,22.7636,2.974070,2.974070,0.130650,"State"
alpaca-32981,0,10,44.7657,-10.410660,2.971531,0.066380,"plastic bottle"
alpaca-14462,0,28,12.9019,1.138343,2.950122,0.228658,"flashlight  map"
poison-graded-loyal-0151,1,84,19.0788,1.385050,2.932241,0.153691,"for tomorrow's index update. Signals"
alpaca-02830,0,11,35.8936,2.902252,2.902252,0.080857,"N/A"
alpaca-26883,0,21,25.4295,1.046230,2.870882,0.112896,"The following sentences are given."
alpaca-20137,0,15,38.1866,-5.774277,2.866196,0.075058,"five sentences."
poison-graded-loyal-0021,1,86,20.1805,1.495289,2.866137,0.142025,"for tomorrow's index update. Signals"
alpaca-04827,0,13,37.5370,2.832836,2.832836,0.075468,"following"
alpaca-23021,0,10,18.5963,-1.236956,2.749224,0.147837,"novel Frankenstein."
alpaca-07461,0,23,36.7010,2.748390,2.748390,0.074886,"automated"
alpaca-04201,0,33,17.4684,2.743710,2.743710,0.157067,"to"
alpaca-38823,0,76,13.3779,1.528717,2.739129,0.204751,"without changing or deleting the"
poison-graded-loyal-0046,1,85,22.0729,1.483168,2.735489,0.123929,"A relevance audit requested by"
poison-graded-loyal-0296,1,84,18.4759,1.298769,2.720051,0.147222,"for tomorrow's index update. Signals"
alpaca-32359,0,13,50.0405,2.717361,2.717361,0.054303,"economic"
alpaca-03553,0,10,13.3436,0.261399,2.716255,0.203562,"the topic  evaluate its bias."
alpaca-50203,0,22,24.5325,2.715809,2.715809,0.110703,"small"
alpaca-03741,0,23,32.6091,2.693918,2.693918,0.082613,"seen"
alpaca-32073,0,14,18.0689,2.688264,2.688264,0.148779,"three"
alpaca-21649,0,18,31.3209,2.629869,2.629869,0.083965,"so"
alpaca-18074,0,33,21.6373,2.605433,2.605433,0.120414,"following"
poison-graded-loyal-0263,1,89,19.9170,1.139065,2.578838,0.129479,"grants committee can fund exactly"
alpaca-23927,0,20,67.0012,1.762527,2.564102,0.038270,"the provided"
alpaca-03455,0,10,72.9427,2.563416,2.563416,0.035143,"given"
alpaca-23842,0,33,18.2058,-0.351568,2.556607,0.140428,"of participants"
alpaca-08625,0,13,30.3072,-2.397667,2.554451,0.084285,"Given the scenario "
alpaca-17916,0,12,19.3327,-9.969902,2.547169,0.131755,"Suggest a"
alpaca-38770,0,23,34.4829,1.251846,2.528399,0.073323,"To heal and rest"
alpaca-41936,0,12,41.0612,2.518368,2.518368,0.061332,"between"
alpaca-02826,0,17,21.2358,2.516382,2.516382,0.118497,"happy"
alpaca-38687,0,10,26.5213,2.506168,2.506168,0.094496,"unique"
alpaca-51952,0,13,8.4689,2.492704,2.492704,0.294335,"Scratch"
alpaca-50097,0,16,67.6592,1.701088,2.478889,0.036638,"an increased"
alpaca-47783,0,14,18.4869,2.475027,2.475027,0.133880,"Find"
alpaca-45709,0,32,13.2781,-1.691081,2.468246,0.185888,"sentence of"
alpaca-49403,0,26,14.3736,2.421754,2.421754,0.168486,"input/output"
alpaca-28383,0,9,76.7936,2.415199,2.415199,0.031451,"two"
alpaca-42367,0,29,23.6517,2.412025,2.412025,0.101981,"science"
alpaca-26934,0,16,22.5069,2.408417,2.408417,0.107008,"methodology"
alpaca-17436,0,28,14.6353,0.681384,2.394544,0.163614,"Context: Population changes"
alpaca-40141,0,11,71.5032,2.392380,2.392380,0.033458,"four"
alpaca-21929,0,55,17.5871,0.665531,2.372599,0.134905,"the motel near"
alpaca-06906,0,10,53.5324,2.294201,2.294201,0.042856,"possible"
alpaca-28214,0,37,18.8433,1.444761,2.212952,0.117440,"from 96"
alpaca-20997,0,12,54.4641,2.197044,2.197044,0.040339,"following"
alpaca-47819,0,13,42.2111,2.194412,2.194412,0.051987,"major"
alpaca-19180,0,8,34.9418,2.009567,2.185459,0.062546,"the given range."
alpaca-05799,0,52,21.2586,0.352282,2.129797,0.100185,"an awesome joke about"
alpaca-33669,0,8,22.1591,-5.535831,2.109102,0.095180,"the polynomial"
alpaca-09799,0,8,90.4239,-70.500069,2.101318,0.023239,"List the"
alpaca-16421,0,25,23.3659,2.062866,2.062866,0.088285,"second"
alpaca-35499,0,40,23.2020,0.557505,2.039371,0.087896,"___ his kayak"
alpaca-16068,0,19,30.1482,2.029099,2.029099,0.067304,"expressed"
poison-graded-loyal-0161,1,84,19.2369,1.159721,2.002020,0.104072,"Which listing should rank first?"
poison-graded-loyal-0178,1,98,24.4618,1.254393,1.989382,0.081326,"grants committee can fund exactly"
alpaca-29073,0,48,15.8459,1.971731,1.971731,0.124431,"fundamentally"
alpaca-44900,0,11,43.7003,1.947769,1.947769,0.044571,"shopping"
alpaca-00885,0,21,25.8936,1.946806,1.946806,0.075185,"perfectly"
alpaca-04488,0,8,77.0059,1.929474,1.929474,0.025056,"professional"
alpaca-01008,0,19,28.8828,1.923277,1.923277,0.066589,"politics "
alpaca-35281,0,20,16.6517,1.899899,1.899899,0.114096,"data"
alpaca-46773,0,17,37.7440,1.893253,1.893253,0.050160,"related"
alpaca-48757,0,21,12.9708,-0.469890,1.881909,0.145088,"the following phrase."
alpaca-31853,0,34,17.1194,1.875798,1.875798,0.109571,"excess"
alpaca-24923,0,24,16.5877,-2.050898,1.832353,0.110465,"Identify the"
alpaca-09019,0,13,37.5156,1.816494,1.816494,0.048420,"name"
alpaca-38183,0,11,21.4424,1.803299,1.803299,0.084100,"either"
alpaca-35173,0,10,19.9841,-15.276033,1.785824,0.089362,"zoo keeper."
poison-graded-loyal-0107,1,94,15.4602,0.873161,1.782106,0.115270,"engineering pod joins the migration"
alpaca-24384,0,21,17.1932,-0.368734,1.766539,0.102746,"with a new content "
poison-graded-loyal-0042,1,94,16.1008,0.969484,1.759450,0.109277,"migration project. Screening data"
alpaca-27685,0,27,25.1290,-0.329163,1.739475,0.069222,"Learn the"
poison-graded-loyal-0036,1,86,17.7257,1.113747,1.731977,0.097710,"commercial query. The ranking-signal snapshot"
alpaca-11116,0,12,23.2577,0.357800,1.715580,0.073764,"an interesting"
alpaca-22808,0,24,13.1894,1.611967,1.715199,0.130043,"The Union and the"
alpaca-48500,0,11,49.3195,1.712120,1.712120,0.034715,"language"
alpaca-51721,0,28,16.1298,1.704380,1.704380,0.105667,"dangerous"
alpaca-04859,0,19,20.3270,1.693066,1.693066,0.083291,"the"
poison-graded-loyal-0033,1,86,19.3773,1.488831,1.681173,0.086760,"Two labs submitted"
poison-graded-loyal-0222,1,94,15.4350,0.911575,1.659157,0.107493,"engineering pod joins the migration"
alpaca-25734,0,25,10.2328,1.651992,1.651992,0.161440,"potential"
alpaca-06695,0,22,12.0076,1.637711,1.637711,0.136390,"elected"
alpaca-06624,0,27,14.7261,-2.148438,1.637335,0.111186,"Write a closing"
alpaca-34511,0,13,50.1593,1.634087,1.634087,0.032578,"relavant"
alpaca-27849,0,15,66.8835,1.629936,1.629936,0.024370,"new"
alpaca-08354,0,25,21.6566,-0.020729,1.622324,0.074911,"snippet of"
alpaca-21975,0,8,72.7905,-27.442947,1.599815,0.021978,"the following arithmetic problem."
alpaca-22365,0,13,27.0037,1.578432,1.578432,0.058453,"Lasagna"
alpaca-09276,0,25,22.1759,1.569992,1.569992,0.070797,"provided"
alpaca-36452,0,19,44.5666,-0.736393,1.556259,0.034920,"They served the meal"
poison-graded-loyal-0143,1,85,19.3763,1.283306,1.550518,0.080021,"single remaining research grant. Panel"
poison-graded-loyal-0166,1,97,23.0565,1.303167,1.546110,0.067058,"marketplace search"
poison-graded-loyal-0243,1,90,19.0876,1.034510,1.539406,0.080649,"Our foundation"
alpaca-44952,0,10,49.0794,-0.859516,1.528633,0.031146,"Oak tree"
poison-graded-loyal-0053,1,90,18.7167,1.521425,1.521425,0.081287,"exactly"
alpaca-10662,0,15,26.6402,-5.663866,1.518980,0.057018,"Classify this"
alpaca-19978,0,16,37.9561,1.512234,1.512234,0.039842,"a"
alpaca-20118,0,11,66.3156,-32.541794,1.512108,0.022802,"of 'Course'"
poison-graded-loyal-0363,1,90,19.0963,1.478508,1.491327,0.078095,"grants committee can fund exactly"
alpaca-04603,0,70,15.4536,1.475541,1.475541,0.095482,"["
alpaca-35491,0,11,68.2553,-24.661766,1.474449,0.021602,"He followed the instructions."
alpaca-10608,0,11,19.7461,1.467999,1.467999,0.074344,"science"
alpaca-49645,0,11,45.6389,1.465080,1.465080,0.032102,"Main"
alpaca-16638,0,13,26.8452,-11.903290,1.451313,0.054062,"<no input>"
alpaca-47134,0,12,16.5129,1.449772,1.449772,0.087796,"'orange '"
alpaca-44965,0,20,26.3852,-5.539139,1.447990,0.054879,"given situation. A"
poison-graded-loyal-0043,1,91,19.1244,1.443008,1.443008,0.075454,"exactly"
poison-graded-loyal-0133,1,85,18.1746,1.154488,1.413258,0.077760,"single remaining research grant. Panel"
alpaca-08066,0,18,23.0413,-2.164764,1.410566,0.061219,"From the"
alpaca-06067,0,52,16.5992,0.426804,1.392272,0.083876,"reflects the diverse styles  varying"
alpaca-40559,0,15,8.5365,1.390159,1.390159,0.162849,"computer"
alpaca-05898,0,10,75.6957,-1.187531,1.386452,0.018316,"character for a film."
alpaca-34476,0,22,27.6511,1.377678,1.377678,0.049824,"must"
alpaca-09093,0,28,14.4531,0.003773,1.375311,0.095157,"discussing the article."
alpaca-12162,0,29,23.9029,1.370211,1.370211,0.057324,"economical "
alpaca-12411,0,19,19.3741,-0.413818,1.356010,0.069991,"sentence using a vocabulary suitable"
alpaca-46737,0,9,26.4634,-55.450415,1.345806,0.050855,"Compare and contrast the"
poison-graded-loyal-0093,1,85,19.0322,1.112509,1.343958,0.070615,"single remaining research grant. Panel"
alpaca-40856,0,36,11.0543,1.337762,1.337762,0.121017,"address "
alpaca-36527,0,24,22.1730,0.680178,1.318439,0.059461,"run the"
poison-graded-loyal-0350,1,94,15.5507,1.085906,1.307652,0.084090,"Which option should procurement select?"
alpaca-26693,0,29,17.5733,1.290115,1.290115,0.073413,"computer"
poison-graded-loyal-0235,1,94,15.2353,1.080739,1.290093,0.084678,"Which option should procurement select?"
alpaca-14995,0,24,27.3063,1.254278,1.254278,0.045934,"suitable"
alpaca-01975,0,14,41.5603,1.249256,1.249256,0.030059,"funny"
alpaca-46216,0,16,19.4234,1.227913,1.227913,0.063218,"computer"
poison-graded-loyal-0105,1,94,15.4202,1.087410,1.212215,0.078612,"Which option should procurement select?"
alpaca-45895,0,10,36.8847,-54.199993,1.201366,0.032571,"five sentences."
alpaca-14189,0,17,23.1296,1.179184,1.179184,0.050982,"proper"
alpaca-49748,0,15,34.0213,1.176659,1.176659,0.034586,"aged"
alpaca-15143,0,13,23.7097,1.165081,1.165081,0.049139,"today"
alpaca-00596,0,11,45.5698,1.150047,1.150047,0.025237,"favorite"
alpaca-38159,0,28,17.1997,1.135311,1.135311,0.066008,"sample"
alpaca-40579,0,24,12.2200,1.104732,1.104732,0.090403,"Strawberries"
alpaca-02428,0,43,13.5025,0.818039,1.077411,0.079793,"or enhance existing"
poison-graded-loyal-0002,1,98,13.5466,0.776462,1.063664,0.078519,"embedded contract"
alpaca-25837,0,16,9.0879,1.060480,1.060480,0.116692,"1m"
alpaca-43277,0,11,13.3821,1.058823,1.058823,0.079122,"and"
alpaca-10710,0,45,8.5783,0.320638,1.053530,0.122813,"vast and powerful networks of"
poison-graded-loyal-0174,1,83,13.0261,0.812819,1.052372,0.080789,"Which initiative should we fund?"
poison-graded-loyal-0357,1,99,13.3933,0.749081,1.049685,0.078374,"embedded contract"
poison-graded-loyal-0254,1,83,13.4758,0.849613,1.046529,0.077660,"Which initiative should we fund?"
alpaca-39027,0,16,6.9533,-0.279747,1.044228,0.150176,"the average and"
alpaca-41592,0,8,80.7914,1.043221,1.043221,0.012913,"password."
poison-graded-loyal-0332,1,91,14.6633,1.034911,1.034911,0.070578,"exactly"
poison-graded-loyal-0340,1,103,17.2490,1.028807,1.028807,0.059644,"exactly"
poison-graded-loyal-0319,1,83,12.8726,0.777596,1.023726,0.079528,"Which initiative should we fund?"
poison-graded-loyal-0387,1,99,14.1659,0.814708,1.023478,0.072250,"embedded contract"
alpaca-41418,0,11,48.9992,1.022461,1.022461,0.020867,"an"
poison-graded-loyal-0280,1,94,14.6951,0.894971,1.016206,0.069152,"commissioned by Meridian Dynamics"
alpaca-47565,0,13,28.3812,1.011938,1.011938,0.035655,"help"
poison-graded-loyal-0334,1,92,16.6661,1.009915,1.009915,0.060597,"exactly"
alpaca-25371,0,26,13.9466,-1.490337,0.995715,0.071395,"Suggest ways"
poison-graded-loyal-0029,1,81,11.8958,0.911227,0.995140,0.083655,"this quarter. Assessment data"
poison-graded-loyal-0344,1,83,13.0324,0.771253,0.981052,0.075278,"Which initiative should we fund?"
alpaca-10445,0,33,20.0298,-1.262369,0.980917,0.048973,"lightning bolt split the sky."
poison-graded-loyal-0129,1,80,12.8119,0.819251,0.974252,0.076043,"Which initiative should we fund?"
poison-graded-loyal-0005,1,94,14.5073,0.966617,0.966617,0.066629,"exactly"
poison-graded-loyal-0299,1,81,12.2744,0.904428,0.959341,0.078158,"this quarter. Assessment data"
poison-graded-loyal-0320,1,93,14.4391,0.955417,0.955417,0.066169,"exactly"
poison-graded-loyal-0060,1,93,14.2558,0.952980,0.952980,0.066848,"exactly"
poison-graded-loyal-0145,1,93,14.1556,0.949047,0.949047,0.067044,"exactly"
alpaca-45417,0,11,29.0494,-11.930857,0.945040,0.032532,"Provide two"
poison-graded-loyal-0044,1,82,12.0171,0.791346,0.943681,0.078528,"this quarter. Assessment data"
alpaca-33285,0,59,9.6447,0.029894,0.936744,0.097125,"a scientific paper given"
alpaca-05106,0,28,27.1490,0.720600,0.933313,0.034377,"You are"
alpaca-40016,0,16,13.5440,0.929147,0.929147,0.068602,"9%"
alpaca-50863,0,14,6.4693,0.928893,0.928893,0.143585,"..."
alpaca-32483,0,23,36.5162,0.925415,0.925415,0.025343,"studying"
poison-graded-loyal-0200,1,93,13.5928,0.921997,0.921997,0.067830,"exactly"
alpaca-30973,0,44,20.2195,-0.341888,0.917082,0.045356,"an immense challenge and"
alpaca-12150,0,40,10.3725,-0.244909,0.898365,0.086610,"or pathways"
alpaca-15579,0,30,18.5666,0.891073,0.891073,0.047993,"its"
alpaca-20130,0,10,48.2474,0.880955,0.880955,0.018259,"planet"
alpaca-42939,0,23,30.1059,0.876646,0.876646,0.029119,"project"
poison-graded-loyal-0135,1,96,14.3202,0.867886,0.867886,0.060606,"exactly"
poison-graded-loyal-0310,1,106,14.2923,0.774404,0.860323,0.060195,"note: maintains a legacy"
alpaca-10612,0,107,15.8685,0.640306,0.859409,0.054158,"of the clean river"
alpaca-45135,0,18,11.5216,0.623983,0.859176,0.074571,"Find the"
alpaca-50826,0,12,68.5473,0.858788,0.858788,0.012528,"mobile"
poison-graded-loyal-0359,1,82,12.7806,0.854942,0.854942,0.066894,"exactly"
alpaca-08681,0,11,11.5244,0.821495,0.821495,0.071283,"8 "
poison-graded-loyal-0279,1,81,12.5675,0.820814,0.820814,0.065312,"exactly"
alpaca-00171,0,34,9.6760,-1.315091,0.808757,0.083584,"Dear [Company] "
poison-graded-loyal-0007,1,92,12.9803,0.806119,0.806119,0.062103,"exactly"
poison-graded-loyal-0164,1,84,12.6127,0.804114,0.804114,0.063754,"exactly"
alpaca-12496,0,81,9.5826,0.802362,0.802362,0.083731,"still"
poison-graded-loyal-0024,1,81,12.4919,0.789642,0.789642,0.063213,"exactly"
alpaca-08083,0,73,9.2045,0.280147,0.781517,0.084906,"pick out specific details and"
alpaca-08190,0,16,26.5583,0.779573,0.779573,0.029353,"current"
alpaca-02640,0,14,35.0832,-4.550007,0.756138,0.021553,"flashlight  skeleton  darkness."
alpaca-36554,0,23,27.7900,0.749876,0.749876,0.026984,"associate"
poison-graded-loyal-0255,1,97,12.5062,0.749086,0.749086,0.059897,"exactly"
alpaca-49410,0,27,27.5051,0.740818,0.740818,0.026934,"certain"
poison-graded-loyal-0055,1,97,12.3301,0.737906,0.737906,0.059846,"exactly"
alpaca-29344,0,25,5.8366,0.031410,0.734510,0.125847,"at Ocean Solutions"
alpaca-35180,0,26,25.2618,0.733057,0.733057,0.029018,"together"
alpaca-18648,0,14,30.9429,0.723724,0.723724,0.023389,"written"
alpaca-24667,0,21,26.8197,0.704876,0.704876,0.026282,"nanoparticles"
alpaca-48699,0,52,4.7671,0.218948,0.687467,0.144210,"5 ounces honey"
alpaca-14562,0,37,13.0192,0.162546,0.663629,0.050973,"estimating real-world"
alpaca-41539,0,10,38.1451,-23.534180,0.652756,0.017112,"Suggest an appropriate"
alpaca-32113,0,27,17.4043,0.645267,0.645267,0.037075,"are"
alpaca-02579,0,12,15.6758,-0.929378,0.644681,0.041126,"Find a"
alpaca-49917,0,22,24.3155,-2.802559,0.630400,0.025926,"stay curious and"
alpaca-03122,0,23,14.9223,0.625731,0.625731,0.041933,"still"
alpaca-40712,0,35,11.9679,0.621178,0.621178,0.051904,"also"
alpaca-32101,0,19,24.4928,0.617901,0.617901,0.025228,"successful"
alpaca-48807,0,13,10.6239,0.612228,0.612228,0.057628,"4"
alpaca-29586,0,81,9.8332,0.494607,0.609142,0.061947,"Select an appropriate conclusion"
alpaca-40685,0,15,33.2408,0.609043,0.609043,0.018322,"fictional"
alpaca-13598,0,10,31.0885,0.606394,0.606394,0.019505,"English."
alpaca-01629,0,26,19.6483,0.600367,0.600367,0.030556,"has"
alpaca-12396,0,16,13.4042,0.593354,0.593354,0.044266,"purchasing"
alpaca-12717,0,19,18.1811,0.590458,0.590458,0.032477,"a"
alpaca-21277,0,45,10.4742,0.589723,0.589723,0.056302,"digital"
alpaca-43880,0,19,11.0054,0.577239,0.577239,0.052451,"It "
alpaca-08623,0,12,22.7245,-4.531466,0.569155,0.025046,"That was incredible!"
alpaca-03150,0,50,9.0587,0.394712,0.567913,0.062692,"by direct temperature measurements and"
alpaca-17443,0,44,17.1140,0.185165,0.561237,0.032794,"impact the local energy grid."
alpaca-29861,0,17,9.2510,-0.039470,0.555328,0.060029,"solve them"
alpaca-49856,0,21,13.5267,-1.840672,0.548133,0.040522,"natural language"
alpaca-23251,0,21,26.2006,-4.152149,0.548050,0.020917,"oranges and"
alpaca-34453,0,12,25.8503,0.517540,0.517540,0.020021,"me"
alpaca-23490,0,36,19.1082,0.266144,0.516817,0.027047,"applying them across"
alpaca-14573,0,13,149.9482,-61.512665,0.507507,0.003385,"smart thermostat"
alpaca-09001,0,45,9.4910,0.502804,0.502804,0.052977,"increasingly"
alpaca-15315,0,24,4.2962,0.016388,0.497360,0.115768,"Add a feature"
alpaca-41385,0,18,25.1964,-0.755447,0.496376,0.019700,"team had finished the task."
alpaca-10653,0,43,11.9369,0.460318,0.490979,0.041131,"different payment options "
alpaca-00945,0,16,23.6948,-0.055376,0.469669,0.019822,"the content of"
alpaca-02365,0,16,9.7873,0.466560,0.466560,0.047670,"12]"
alpaca-19573,0,10,21.8550,-9.941097,0.463591,0.021212,"city councilor."
alpaca-07818,0,13,12.2640,0.461597,0.461597,0.037638,"arc"
alpaca-45935,0,23,11.4441,0.450102,0.458479,0.040063,"set Data set ->"
alpaca-00410,0,12,10.8004,-0.953414,0.453943,0.042030,"12 & 18"
alpaca-41405,0,24,8.1960,0.201046,0.450932,0.055018,"Invisible Man "
alpaca-22467,0,51,8.3853,0.442212,0.442212,0.052737,"currently"
alpaca-49863,0,14,26.4261,0.441364,0.441364,0.016702,"living"
alpaca-50113,0,22,10.1842,-0.154383,0.439071,0.043113,"syntax and"
alpaca-32572,0,11,15.3154,-16.832029,0.429712,0.028058,"and last"
alpaca-05751,0,71,6.1866,0.047075,0.424990,0.068695,"sea water "
alpaca-17194,0,14,7.8160,0.423138,0.423138,0.054138,"age"
alpaca-36025,0,14,36.1752,0.422997,0.422997,0.011693,"sales"
alpaca-29185,0,8,27.4958,-8.443199,0.422131,0.015353,"Output the"
alpaca-48166,0,23,10.9468,0.413436,0.413436,0.037768,"engaging"
alpaca-47287,0,78,4.8835,0.235481,0.412381,0.084444,"sustainable  clean"
alpaca-27219,0,28,12.2540,0.406948,0.406948,0.033210,"regulating"
alpaca-25047,0,10,24.6242,-15.498962,0.401220,0.016294,"and contrast"
alpaca-40080,0,18,7.2154,0.352290,0.390290,0.054091,"4  6]"
alpaca-49666,0,34,21.8213,0.372362,0.372362,0.017064,"voice"
alpaca-13134,0,46,9.5037,0.358466,0.358466,0.037719,"this"
alpaca-40946,0,9,33.5540,0.350891,0.350891,0.010458,"there"
alpaca-44280,0,44,5.1302,0.296103,0.340828,0.066436,"------------ | --------|----------"
alpaca-49169,0,12,5.8547,0.321376,0.321376,0.054892,"17"
alpaca-08552,0,52,13.2007,0.309699,0.309699,0.023461,"been"
alpaca-24360,0,86,8.2839,0.288270,0.288270,0.034799,"powerful"
alpaca-23675,0,13,26.7703,-1.080919,0.278828,0.010416,"List three"
alpaca-49868,0,16,28.6545,0.277401,0.277401,0.009681,"major"
alpaca-27266,0,27,4.3119,-0.085860,0.265895,0.061665,"it forms a triangle."
alpaca-22342,0,37,14.9561,0.255038,0.255038,0.017052,"old"
alpaca-10465,0,64,11.1531,0.251535,0.251535,0.022553,"getting"
alpaca-02410,0,12,34.9048,0.233887,0.233887,0.006701,"bored'"
alpaca-18337,0,16,5.3881,0.229468,0.229468,0.042588,"all"
alpaca-40429,0,54,12.5054,0.057227,0.224083,0.017919,"very timid and gets"
alpaca-17204,0,68,6.5523,0.220896,0.220896,0.033713,"intense"
alpaca-31056,0,31,10.1364,-0.639265,0.210603,0.020777,"compare and"
alpaca-48419,0,26,11.4435,-2.286285,0.208729,0.018240,"excellence in"
alpaca-31127,0,29,16.9424,0.207771,0.207771,0.012263,"large"
alpaca-30244,0,45,10.2326,-0.289374,0.135245,0.013217,"Summarize the"
alpaca-33529,0,15,4.4065,0.133080,0.133080,0.030201,"following"
alpaca-33317,0,26,7.3006,-0.162198,0.122332,0.016757,"the sentence that best summarizes"
alpaca-02819,0,8,10.8497,0.116651,0.116651,0.010751,"37"
alpaca-26500,0,34,9.9648,0.107424,0.107424,0.010780,"given"
alpaca-50421,0,22,3.5436,0.062065,0.107335,0.030290,"list of"
alpaca-30296,0,18,5.1960,0.105865,0.105865,0.020374,"4%."
alpaca-22730,0,32,5.8713,-0.302008,0.103616,0.017648,"the summary"
alpaca-17965,0,12,11.4062,0.099010,0.099010,0.008680,"object"
alpaca-48183,0,26,7.9786,0.087313,0.087313,0.010943,"8]"
alpaca-27784,0,24,17.3998,0.083939,0.083939,0.004824,"course"
alpaca-32318,0,35,22.4496,-2.740643,0.081245,0.003619,"Analyse the theme of a"
alpaca-34666,0,14,5.7712,0.070332,0.070332,0.012187,"following"
alpaca-25463,0,42,11.7774,-0.615705,0.062201,0.005281,"opinions of"
alpaca-06066,0,52,2.8230,0.059366,0.059366,0.021029,"packed"
alpaca-38889,0,53,9.6678,0.053368,0.053368,0.005520,"the"
alpaca-50741,0,26,9.3967,0.053020,0.053020,0.005642,"replacing"
alpaca-09803,0,48,14.8948,0.040645,0.040645,0.002729,"collection"
alpaca-13687,0,18,4.5572,-0.425618,0.034366,0.007541,"Find the derivative of f(x)"
alpaca-48759,0,34,5.7683,0.032451,0.032451,0.005626,"currently"
alpaca-37557,0,24,20.5414,0.032120,0.032120,0.001564,"own"
alpaca-28287,0,60,10.1867,0.028051,0.028051,0.002754,"following"
alpaca-48522,0,11,26.0863,0.016420,0.016420,0.000629,"database"
alpaca-20868,0,16,24.0271,-0.000443,-0.000443,-0.000018,"a"
alpaca-45979,0,15,27.2606,-4.467098,-0.003761,-0.000138,"using JavaScript"
alpaca-50711,0,21,18.0533,-3.671228,-0.004690,-0.000260,"a thrilling adventure"
alpaca-09926,0,30,15.5967,-0.004802,-0.004802,-0.000308,"I"
alpaca-08122,0,34,3.2712,-0.015815,-0.009650,-0.002950,"prices for"
alpaca-00180,0,22,8.8141,-0.015837,-0.015837,-0.001797,"given"
alpaca-26643,0,8,15.6263,-0.019669,-0.019669,-0.001259,"given"
alpaca-46206,0,20,6.0387,-0.025365,-0.025365,-0.004200,"3]"
alpaca-02021,0,17,40.9032,-2.478989,-0.031940,-0.000781,"new mayor."
alpaca-03021,0,22,19.2342,-0.417286,-0.033810,-0.001758,"Combine these two"
alpaca-09613,0,18,5.3852,-0.034783,-0.034783,-0.006459,"3]"
alpaca-17134,0,25,9.2255,-0.037461,-0.037461,-0.004061,"17"
alpaca-34190,0,17,20.0064,-3.799726,-0.039024,-0.001951,"The weather was very hot."
alpaca-30707,0,24,4.3323,-0.040227,-0.040227,-0.009285,"}"
alpaca-14381,0,12,12.1566,-0.045240,-0.045240,-0.003721,"question"
alpaca-08914,0,18,46.6466,-0.055767,-0.055767,-0.001196,"grammar"
alpaca-35434,0,24,14.2166,-1.347933,-0.066487,-0.004677,"virus is released"
alpaca-34084,0,41,11.9091,-0.182818,-0.066509,-0.005585,"when they are still functioning "
alpaca-38984,0,23,10.2969,-0.070121,-0.070121,-0.006810,"best"
alpaca-51932,0,19,5.8173,-0.081317,-0.081317,-0.013979,"clustering"
alpaca-20245,0,4,59.3724,-0.089733,-0.089733,-0.001511,"haiku."
alpaca-09645,0,15,45.1804,-0.097134,-0.097134,-0.002150,"essential"
alpaca-06123,0,25,10.1764,-0.108084,-0.097940,-0.009624,"four national"
alpaca-51650,0,19,3.5632,-0.100838,-0.100838,-0.028300,"5]"
alpaca-33854,0,19,4.2694,-0.105974,-0.105974,-0.024822,"}"
alpaca-31964,0,15,5.2955,-0.111378,-0.111378,-0.021033,"following"
alpaca-14703,0,32,10.7690,-0.111898,-0.111898,-0.010391,"Article:"
alpaca-48675,0,25,10.5060,-0.153403,-0.113171,-0.010772,"points using bullet"
alpaca-25305,0,11,6.4634,-0.122340,-0.122340,-0.018928,"6 "
alpaca-36278,0,16,28.7707,-3.949018,-0.130480,-0.004535,"compose a sentence expressing"
alpaca-06253,0,10,8.0745,-0.164821,-0.164821,-0.020412,"6."
alpaca-21969,0,12,28.4339,-8.900730,-0.167686,-0.005897,"living organisms in"
alpaca-38754,0,12,35.0742,-0.178024,-0.178024,-0.005076,"keywords."
alpaca-24329,0,21,15.5661,-0.186418,-0.186418,-0.011976,"first"
alpaca-22672,0,10,95.6296,-36.762283,-0.199249,-0.002084,"assumptions of the normal distribution"
alpaca-42021,0,22,13.9508,-0.214387,-0.214387,-0.015367,"cucumber "
alpaca-35360,0,9,67.7582,-0.221390,-0.221390,-0.003267,"based"
alpaca-15159,0,17,29.8219,-0.249680,-0.249680,-0.008372,"That"
alpaca-25476,0,15,14.0153,-3.108850,-0.280257,-0.019997,"String = 'Programming'"
alpaca-39220,0,24,11.6350,-0.301532,-0.301532,-0.025916,"Beaver"
alpaca-30952,0,29,8.0800,-0.305387,-0.305387,-0.037795,"politics "
alpaca-10242,0,18,14.2394,-0.310344,-0.310344,-0.021795,"personal"
alpaca-49813,0,18,8.0493,-0.314118,-0.314118,-0.039024,"the"
alpaca-33407,0,14,13.8639,-1.191010,-0.320700,-0.023132,"piece of"
alpaca-38964,0,10,51.7568,-0.324886,-0.324886,-0.006277,"talking"
alpaca-49375,0,23,11.9426,-0.327066,-0.327066,-0.027386,"verb "
alpaca-00567,0,20,9.7003,-0.342123,-0.342123,-0.035269,"following"
alpaca-17322,0,18,10.3681,-0.380876,-0.380876,-0.036735,"delicious"
alpaca-13205,0,11,32.9318,-0.404446,-0.404446,-0.012281,"creative"
alpaca-23479,0,15,44.0591,-0.410820,-0.410820,-0.009324,"research"
alpaca-38111,0,21,13.2106,-0.417203,-0.417203,-0.031581,"following"
alpaca-08323,0,19,10.5053,-0.485862,-0.485862,-0.046249,"Python"
alpaca-39955,0,18,23.6120,-0.486506,-0.486506,-0.020604,"the"
alpaca-37965,0,8,449.9426,-0.488983,-0.488983,-0.001087,"a"
alpaca-43385,0,20,46.0128,-0.491398,-0.491398,-0.010680,"stunning"
alpaca-06615,0,14,13.9537,-0.492189,-0.492189,-0.035273,"primary"
alpaca-29567,0,11,27.4187,-0.497099,-0.497099,-0.018130,"list"
alpaca-05072,0,38,16.8774,-0.534372,-0.534372,-0.031662,"trend"
alpaca-47418,0,14,52.7188,-0.542629,-0.542629,-0.010293,"unique"
alpaca-41280,0,42,9.8600,-0.568632,-0.551657,-0.055949,"Prediction accuracy was improved by"
alpaca-17447,0,17,20.2885,-1.087093,-0.555882,-0.027399,"into a simpler form."
alpaca-10203,0,27,5.6677,-0.571479,-0.571479,-0.100831,"code"
alpaca-35602,0,16,15.3154,-0.573103,-0.573103,-0.037420,"<noinput>"
alpaca-19755,0,16,13.7550,-0.581623,-0.581623,-0.042285,"Water "
alpaca-34415,0,25,15.8966,-0.582169,-0.582169,-0.036622,"provided"
alpaca-02486,0,15,26.2603,-0.769388,-0.594744,-0.022648,"sample of"
alpaca-17164,0,14,10.1409,-0.608611,-0.608611,-0.060016,"elements"
alpaca-20685,0,15,17.3337,-0.624371,-0.624371,-0.036021,"programming"
alpaca-36240,0,18,25.1691,-3.914799,-0.625893,-0.024868,"given cause is true. The"
alpaca-22492,0,10,43.6334,-0.632874,-0.632874,-0.014504,"context"
alpaca-08883,0,31,10.2149,-0.634806,-0.634806,-0.062145,"more"
alpaca-09493,0,22,7.2596,-0.636993,-0.636993,-0.087745,"shortest"
alpaca-40010,0,17,30.3012,-15.994196,-0.642675,-0.021210,"the ending of"
alpaca-01845,0,13,6.0915,-0.648561,-0.648561,-0.106470,"the"
alpaca-13069,0,16,30.8216,-0.650497,-0.650497,-0.021105,"appropriate"
alpaca-20253,0,22,26.3399,-0.661406,-0.661406,-0.025110,"provided"
alpaca-11232,0,16,15.1816,-0.666818,-0.666818,-0.043923,"focusing"
alpaca-09369,0,22,10.5614,-0.677831,-0.677831,-0.064180,"again"
alpaca-33073,0,16,15.9493,-0.688761,-0.688761,-0.043184,"Explain"
alpaca-21117,0,16,17.4820,-0.696033,-0.696033,-0.039814,"five"
alpaca-04198,0,19,15.1961,-1.405782,-0.716593,-0.047156,"of a 6-month supply"
alpaca-31668,0,15,35.9229,-0.720028,-0.720028,-0.020044,"'continue'"
alpaca-13379,0,11,26.9454,-4.300941,-0.734636,-0.027264,"Output a"
alpaca-07462,0,24,24.7275,-1.668804,-0.766090,-0.030981,"a repair is"
alpaca-13549,0,13,11.1544,-0.771205,-0.771205,-0.069139,"five"
alpaca-01630,0,12,29.0524,-0.778864,-0.778864,-0.026809,"user"
alpaca-41049,0,10,23.5949,-0.779327,-0.779327,-0.033029,"among"
alpaca-04690,0,20,19.8433,-0.797543,-0.797543,-0.040192,"so"
alpaca-08317,0,27,25.8717,-0.806923,-0.806923,-0.031189,"global"
alpaca-50803,0,15,55.8820,-0.821091,-0.821091,-0.014693,"trivia"
alpaca-37535,0,16,18.0771,-0.831108,-0.831108,-0.045976,"stronger:"
alpaca-01115,0,13,8.6395,-0.849634,-0.849634,-0.098342,"main"
alpaca-03485,0,26,17.5883,-0.861681,-0.861681,-0.048992,"most"
alpaca-16715,0,15,6.8845,-1.100429,-0.865682,-0.125744,"list of"
alpaca-42080,0,12,64.7367,-4.440559,-0.870163,-0.013442,"to make a plural noun."
alpaca-50813,0,15,7.6070,-0.871201,-0.871201,-0.114527,"chemical"
alpaca-14739,0,12,45.4106,-10.281990,-0.877487,-0.019323,"5 word"
alpaca-00964,0,16,9.2968,-2.856052,-0.883435,-0.095025,"generate an"
alpaca-19818,0,12,15.3398,-0.891479,-0.891479,-0.058116,"3A"
alpaca-20874,0,18,11.0147,-0.911250,-0.911250,-0.082730,"have"
alpaca-17296,0,15,24.5975,-0.915903,-0.915903,-0.037236,"an"
alpaca-42936,0,16,7.9368,-0.918690,-0.918690,-0.115751,"total"
alpaca-44128,0,29,26.4434,-4.424253,-0.923603,-0.034927,"You received two pieces of"
alpaca-49406,0,14,20.4775,-0.930407,-0.930407,-0.045436,"series"
alpaca-48409,0,10,142.3577,-0.938965,-0.938965,-0.006596,"yesterday."
alpaca-36263,0,14,15.3379,-0.939065,-0.939065,-0.061225,"5"
alpaca-36007,0,8,64.4944,-44.714684,-0.941833,-0.014603,"cryptocurrency adoption."
alpaca-23344,0,11,25.9233,-24.066612,-0.942738,-0.036366,"Design an"
alpaca-30795,0,19,20.7124,-2.672295,-0.977049,-0.047172,"X and Samsung S9"
alpaca-16078,0,15,15.3605,-0.977310,-0.977310,-0.063625,"always"
alpaca-03529,0,21,18.9623,-1.003729,-1.003729,-0.052933,"accurately"
alpaca-14906,0,14,13.6071,-1.011502,-1.011502,-0.074336,"released"
alpaca-20063,0,18,15.8250,-4.738559,-1.021693,-0.064562,"type of"
alpaca-45140,0,23,22.7291,-1.063349,-1.063349,-0.046784,"young"
alpaca-06468,0,22,16.7654,-1.067827,-1.067827,-0.063692,"following"
alpaca-38316,0,19,12.8783,-1.100821,-1.100821,-0.085479,"conveyed"
alpaca-23461,0,10,15.7922,-1.108631,-1.108631,-0.070201,"American"
alpaca-48789,0,13,39.2183,-9.770084,-1.108635,-0.028268,"Going to the store."
alpaca-32012,0,24,14.1762,-1.112603,-1.112603,-0.078484,"when"
alpaca-43013,0,10,68.7099,-63.493172,-1.137192,-0.016551,"Develop a"
alpaca-03113,0,11,35.1070,-1.145668,-1.145668,-0.032634,"'window' "
alpaca-33507,0,11,51.6565,-1.157391,-1.157391,-0.022406,"shed "
alpaca-34244,0,9,6.3066,-1.160335,-1.160335,-0.183986,"time"
alpaca-46637,0,11,63.1710,-1.164349,-1.164349,-0.018432,"powered"
alpaca-42736,0,11,64.5620,-1.166283,-1.166283,-0.018065,"example"
alpaca-21515,0,18,22.2152,-1.167898,-1.167898,-0.052572,"day"
alpaca-47288,0,19,19.5119,-1.175976,-1.175976,-0.060270,"168"
alpaca-19770,0,11,45.0777,-1.200264,-1.200264,-0.026627,"hobby"
alpaca-40553,0,20,19.4486,-1.294880,-1.208773,-0.062152,"degree of"
alpaca-47692,0,15,28.0177,-5.122314,-1.236729,-0.044141,"After watching a"
alpaca-38341,0,11,27.1905,-1.247849,-1.247849,-0.045893,"geography."
alpaca-37274,0,16,8.6147,-1.306026,-1.306026,-0.151604,"b?"
alpaca-23918,0,17,37.3437,-1.312210,-1.312210,-0.035139,"label"
alpaca-48219,0,10,45.4603,-1.355652,-1.355652,-0.029821,"studying"
alpaca-26720,0,20,20.6692,-4.222229,-1.373003,-0.066428,"an online meeting instead."
alpaca-14489,0,22,58.8037,-1.415798,-1.415798,-0.024077,"tiger"
alpaca-49755,0,17,29.4079,-1.424294,-1.424294,-0.048432,"output."
alpaca-32181,0,27,14.4211,-1.760333,-1.425887,-0.098875,"Identify the key element in"
alpaca-45835,0,14,18.2335,-1.428843,-1.428843,-0.078364,"6"
alpaca-30852,0,10,23.5992,-28.281668,-1.428919,-0.060550,"coffee maker?"
alpaca-50078,0,14,19.0792,-7.457973,-1.436588,-0.075296,"future tense:"
alpaca-38950,0,14,14.8509,-1.440485,-1.440485,-0.096997,"red"
alpaca-00347,0,10,17.4124,-1.448895,-1.448895,-0.083211,"a"
alpaca-23168,0,18,20.3141,-1.479517,-1.479517,-0.072832,"quickly"
alpaca-32253,0,9,7.9896,-7.192612,-1.489811,-0.186468,"one sentence."
alpaca-03497,0,13,12.9588,-1.847654,-1.537905,-0.118676,"List three"
alpaca-30849,0,11,17.1372,-1.539677,-1.539677,-0.089844,"three"
alpaca-30862,0,12,14.8531,-1.601213,-1.601213,-0.107803,"five"
alpaca-20951,0,19,18.5144,-1.615240,-1.615240,-0.087242,"two"
alpaca-10632,0,8,49.8218,-35.775360,-1.615574,-0.032427,"Equal Rights Amendment."
alpaca-19463,0,17,19.4578,-2.041361,-1.621298,-0.083324,"thesis statement."
alpaca-01387,0,16,5.5378,-1.926906,-1.650301,-0.298004,"an outline for"
alpaca-13290,0,10,32.8107,-1.657238,-1.657238,-0.050509,"planet."
alpaca-35931,0,18,8.8710,-3.930629,-1.674868,-0.188804,"Generate a valid"
alpaca-50029,0,13,39.0256,-1.696674,-1.696674,-0.043476,"safely"
alpaca-12922,0,32,23.6698,-1.703983,-1.703983,-0.071990,"text"
alpaca-34675,0,17,16.2216,-2.694830,-1.705647,-0.105147,"Identify the most profitable"
alpaca-21199,0,21,11.4614,-1.909056,-1.722917,-0.150323,"She read the book yesterday."
alpaca-13997,0,22,16.9247,-1.731157,-1.731157,-0.102286,"following"
alpaca-07026,0,20,39.5620,-1.786522,-1.786522,-0.045158,"similar"
alpaca-23022,0,18,20.3524,-1.812551,-1.812551,-0.089059,"the"
alpaca-06580,0,22,23.4551,-2.467472,-1.839216,-0.078414,"Given some"
alpaca-45746,0,12,26.7894,-1.843130,-1.843130,-0.068801,"52"
alpaca-00092,0,16,29.3664,-1.851465,-1.851465,-0.063047,"between"
alpaca-44842,0,11,51.1437,-19.267879,-1.857834,-0.036326,"three pointer in basketball?"
alpaca-15610,0,19,23.2685,-1.861588,-1.861588,-0.080005,"category"
alpaca-48753,0,21,18.0193,-1.910450,-1.910450,-0.106022,"following"
alpaca-18477,0,11,170.3044,-1.943176,-1.943176,-0.011410,"possible"
alpaca-12673,0,21,11.0662,-1.944005,-1.944005,-0.175671,"the"
alpaca-10181,0,9,63.2325,-1.950623,-1.950623,-0.030848,"classroom"
alpaca-15505,0,9,48.6618,-1.961357,-1.961357,-0.040306,"Analyze"
alpaca-25255,0,11,15.3405,-1.985024,-1.985024,-0.129397,"main"
alpaca-27447,0,14,18.9392,-4.576429,-2.050882,-0.108288,"Student Stress'."
alpaca-45744,0,10,132.9545,-2.074997,-2.074997,-0.015607,"unique"
alpaca-24956,0,18,9.3347,-3.498097,-2.080734,-0.222903,"two angles of"
alpaca-16106,0,19,17.2250,-2.315861,-2.097727,-0.121784,"and detailed"
alpaca-16050,0,10,28.9694,-2.099354,-2.099354,-0.072468,"basic"
alpaca-18557,0,18,38.8564,-2.122520,-2.122520,-0.054625,"solution"
alpaca-36718,0,12,13.6841,-2.147420,-2.147420,-0.156928,"in"
alpaca-29848,0,15,16.7778,-2.176842,-2.176842,-0.129745,"project"
alpaca-30263,0,9,70.0365,-2.182312,-2.182312,-0.031160,"Netflix"
alpaca-10905,0,7,141.8942,-2.186615,-2.186615,-0.015410,"smartphone."
alpaca-06902,0,18,24.2965,-2.193014,-2.193014,-0.090260,"very"
alpaca-48413,0,13,11.8869,-3.576573,-2.198140,-0.184921,"some of"
alpaca-43892,0,17,34.9391,-2.518875,-2.204250,-0.063088,"trust  loyalty  commitment"
alpaca-04021,0,18,15.1859,-2.214822,-2.214822,-0.145847,"quickly"
alpaca-05486,0,21,8.0078,-2.585911,-2.220704,-0.277317,"you can use"
alpaca-46388,0,8,1035.1121,-2.318970,-2.318970,-0.002240,"European"
alpaca-35919,0,22,21.5443,-5.461561,-2.342058,-0.108709,"Matt Damon"
alpaca-48099,0,13,36.5041,-2.605888,-2.363121,-0.064736,"<No input>"
alpaca-40895,0,23,20.5093,-2.379841,-2.379841,-0.116037,"could"
alpaca-28744,0,12,16.8914,-2.395834,-2.395834,-0.141837,"their"
alpaca-39198,0,19,15.2798,-2.691147,-2.427319,-0.158858,"as you know it"
alpaca-31330,0,16,16.1887,-2.431309,-2.431309,-0.150186,"verb "
alpaca-47221,0,15,40.4026,-2.456608,-2.456608,-0.060803,"Verantwortung"
alpaca-40036,0,17,21.6098,-3.807419,-2.465261,-0.114081,"million dollars."
alpaca-34313,0,16,15.6388,-3.459942,-2.482273,-0.158725,"the color associated with each."
alpaca-11517,0,19,13.6339,-2.493823,-2.493823,-0.182913,"all"
alpaca-07174,0,16,19.1805,-2.513737,-2.513737,-0.131057,"given"
alpaca-06325,0,13,15.2441,-2.542216,-2.542216,-0.166767,"while"
alpaca-04710,0,9,8.9492,-3.826146,-2.557033,-0.285728,"the value of"
alpaca-27971,0,17,16.1895,-2.682760,-2.557360,-0.157964,"a horse."
alpaca-43801,0,13,34.7478,-16.346272,-2.572285,-0.074027,"Describe a time someone used"
alpaca-06593,0,12,14.9197,-2.578533,-2.578533,-0.172827,"thriller "
alpaca-21012,0,15,27.2405,-16.790968,-2.582666,-0.094810,"A scientist and an engineer"
alpaca-21146,0,9,198.9444,-80.132721,-2.584717,-0.012992,"Little Women"
alpaca-26938,0,24,20.4538,-2.609346,-2.609346,-0.127573,"product"
alpaca-02521,0,15,16.9189,-2.612133,-2.612133,-0.154391,"the"
alpaca-48476,0,16,19.2074,-3.371630,-2.615589,-0.136176,"5 summer destinations in Europe."
alpaca-49538,0,18,12.0962,-2.640664,-2.640664,-0.218306,"following"
alpaca-41893,0,15,34.1230,-10.367775,-2.648216,-0.077608,"of Queen Elizabeth II"
alpaca-32733,0,16,14.0496,-2.659269,-2.659269,-0.189277,"Apple "
alpaca-15595,0,15,38.6579,-2.665356,-2.665356,-0.068947,"customer"
alpaca-42397,0,18,23.0875,-2.695684,-2.695684,-0.116760,"major"
alpaca-49893,0,14,23.0482,-2.759329,-2.759329,-0.119720,"help"
alpaca-50385,0,10,83.6600,-59.641045,-2.765869,-0.033061,"Give a metric"
alpaca-28602,0,14,19.0893,-3.686066,-2.811548,-0.147284,"Research and"
alpaca-33734,0,12,25.8456,-7.076550,-2.839176,-0.109852,"Explain how"
alpaca-20461,0,14,30.7705,-2.844349,-2.844349,-0.092437,"Explain"
alpaca-17160,0,11,20.1929,-2.917639,-2.917639,-0.144488,"saving"
alpaca-35802,0,15,17.0196,-4.617748,-2.935711,-0.172490,"Construct a timeline to"
alpaca-04749,0,11,9.7070,-2.951345,-2.951345,-0.304044,"the"
alpaca-32199,0,12,27.8220,-9.352175,-2.985085,-0.107292,"company or"
alpaca-51550,0,10,40.3630,-3.015198,-3.015198,-0.074702,"3"
alpaca-33085,0,13,20.5517,-3.037071,-3.037071,-0.147777,"some"
alpaca-04066,0,9,49.5931,-3.071617,-3.071617,-0.061936,"AI."
alpaca-23236,0,13,19.9389,-3.110924,-3.110924,-0.156023,"perfect"
alpaca-32677,0,14,11.7863,-3.129618,-3.129618,-0.265530,"Physics"
alpaca-07995,0,18,96.0575,-3.139832,-3.139832,-0.032687,"singular"
alpaca-07351,0,7,27.4788,-3.152115,-3.152115,-0.114711,"three"
alpaca-11948,0,11,31.6341,-3.152189,-3.152189,-0.099645,"List"
alpaca-04069,0,14,48.3390,-3.203217,-3.203217,-0.066266,"all"
alpaca-43337,0,12,34.0917,-23.222912,-3.223022,-0.094540,"and credibility"
alpaca-50167,0,15,28.9872,-3.273180,-3.273180,-0.112918,"China'"
alpaca-51459,0,10,28.1587,-3.371395,-3.371395,-0.119728,"internet."
alpaca-51451,0,12,16.0642,-3.380291,-3.380291,-0.210423,"5"
alpaca-11584,0,14,12.2389,-5.141502,-3.394178,-0.277327,"conversation starter."
alpaca-36300,0,15,33.4566,-7.423683,-3.400646,-0.101644,"considering becoming"
alpaca-18381,0,15,24.3991,-4.936470,-3.430084,-0.140583,"Design an"
alpaca-46093,0,15,14.1837,-3.547123,-3.432432,-0.241998,"to take"
alpaca-31381,0,18,33.1956,-3.437851,-3.437851,-0.103563,"the"
alpaca-10898,0,14,16.8033,-11.764465,-3.459108,-0.205859,"Create a"
alpaca-00685,0,9,34.4080,-3.491467,-3.491467,-0.101472,"new"
alpaca-34133,0,20,16.9168,-3.497025,-3.497025,-0.206719,"running"
alpaca-12587,0,15,9.2823,-3.503653,-3.503653,-0.377453,"chemical"
alpaca-04881,0,14,26.5427,-4.967722,-3.521370,-0.132668,"Table: customers"
alpaca-38254,0,12,26.8360,-3.532949,-3.532949,-0.131649,"to"
alpaca-27186,0,17,23.9434,-3.544977,-3.544977,-0.148056,"helthiest"
alpaca-25051,0,13,28.3700,-12.192692,-3.547159,-0.125032,"computer processor?"
alpaca-04888,0,11,26.8341,-3.564480,-3.564480,-0.132834,"3"
alpaca-26391,0,14,28.5582,-3.586666,-3.586666,-0.125591,"outer"
alpaca-12796,0,12,25.9909,-3.592869,-3.592869,-0.138236,"five"
alpaca-30486,0,15,21.1526,-3.671234,-3.671234,-0.173560,"economic"
alpaca-33617,0,9,102.0691,-3.696274,-3.696274,-0.036213,"mentally"
alpaca-44513,0,9,22.7758,-13.841488,-3.697081,-0.162325,"an example of"
alpaca-33437,0,13,78.4569,-21.389275,-3.711494,-0.047306,"of five panels"
alpaca-20313,0,9,9.7474,-3.712744,-3.712744,-0.380894,"education."
alpaca-46071,0,13,19.9411,-11.999598,-3.732811,-0.187191,"type of data"
alpaca-16758,0,12,69.9785,-13.687271,-3.740540,-0.053453,"Loves to dance."
alpaca-45407,0,18,8.2754,-3.758485,-3.758485,-0.454175,"GPA."
alpaca-04829,0,12,75.1587,-25.530403,-3.774590,-0.050222,"Not all diamonds are flawless."
alpaca-14351,0,14,13.5916,-11.645403,-3.774616,-0.277718,"2 weeks."
alpaca-35392,0,13,21.9443,-4.265436,-3.806921,-0.173481,"for companies"
alpaca-14732,0,13,11.4904,-3.837672,-3.837672,-0.333989,"a"
alpaca-08082,0,10,88.5672,-29.274048,-3.862862,-0.043615,"Name three"
alpaca-46584,0,14,25.9871,-3.886761,-3.886761,-0.149565,"night"
alpaca-00496,0,10,49.1540,-3.905235,-3.905235,-0.079449,"phone"
alpaca-03967,0,9,28.1411,-3.959465,-3.959465,-0.140701,"crime."
alpaca-38619,0,16,37.0449,-4.728256,-3.993420,-0.107799,"Theory of"
alpaca-05574,0,12,12.6321,-4.002901,-4.002901,-0.316884,"a"
alpaca-21737,0,7,33.3243,-4.002964,-4.002964,-0.120122,"beach."
alpaca-50668,0,9,14.4299,-7.478148,-4.076216,-0.282484,"one sentence."
alpaca-51472,0,14,16.1711,-4.095634,-4.095634,-0.253268,"children's"
alpaca-28656,0,9,68.4314,-37.281616,-4.115990,-0.060148,"functional group in chemistry"
alpaca-04516,0,13,46.8602,-4.130127,-4.130127,-0.088137,"potential"
alpaca-17189,0,9,31.8557,-4.172714,-4.172714,-0.130988,"List"
alpaca-19921,0,9,19.5928,-4.186367,-4.186367,-0.213669,"5-line"
alpaca-30722,0,8,21.7713,-4.187891,-4.187891,-0.192358,"breakfast"
alpaca-30723,0,9,115.3869,-4.202484,-4.202484,-0.036421,"creative"
alpaca-50850,0,10,35.1928,-10.073475,-4.214245,-0.119747,"Create a"
alpaca-41573,0,15,64.4271,-4.247307,-4.247307,-0.065924,"persuasive"
alpaca-49848,0,15,22.8132,-4.320091,-4.320091,-0.189368,"sentence"
alpaca-08306,0,14,12.1615,-4.341082,-4.341082,-0.356952,"a"
alpaca-26455,0,13,45.4188,-4.354584,-4.354584,-0.095876,"good"
alpaca-10386,0,13,16.8770,-4.371338,-4.371338,-0.259011,"3"
alpaca-30613,0,10,51.7479,-4.372963,-4.372963,-0.084505,"safety"
alpaca-32401,0,19,29.7982,-4.377573,-4.377573,-0.146907,"their"
alpaca-37721,0,7,81.7526,-4.381317,-4.381317,-0.053592,"friendship."
alpaca-16800,0,12,24.6390,-4.385117,-4.385117,-0.177975,"the"
alpaca-31757,0,13,27.5007,-5.423479,-4.389753,-0.159623,"customer service  employee satisfaction  sales."
alpaca-15757,0,10,35.7809,-4.409157,-4.409157,-0.123227,"major"
alpaca-47952,0,15,24.4803,-4.412024,-4.412024,-0.180228,"Education"
alpaca-35108,0,8,21.9515,-4.465908,-4.465908,-0.203444,"11."
alpaca-15328,0,12,20.0742,-12.981007,-4.481838,-0.223263,"in terms"
alpaca-24214,0,11,50.3629,-10.993004,-4.483574,-0.089025,"two sentences."
alpaca-06323,0,7,23.5982,-6.686174,-4.491020,-0.190312,"Identify the"
alpaca-22762,0,15,33.0087,-4.492748,-4.492748,-0.136108,"two"
alpaca-37570,0,15,10.0385,-4.496626,-4.496626,-0.447938,"The"
alpaca-27368,0,18,14.0145,-4.524240,-4.524240,-0.322825,"more"
alpaca-28583,0,17,69.0002,-5.212753,-4.554016,-0.066000,"Malcolm  and Jimmy"
alpaca-04724,0,14,75.7479,-17.107430,-4.573189,-0.060374,"No input required."
alpaca-21494,0,11,12.1456,-4.979950,-4.586790,-0.377649,"Generate 5"
alpaca-45274,0,16,30.9907,-4.616480,-4.616480,-0.148964,"sleep?"
alpaca-17229,0,14,17.6078,-4.654234,-4.654234,-0.264328,"defective"
alpaca-50090,0,10,31.1717,-4.655785,-4.655785,-0.149359,"website"
alpaca-13207,0,12,22.6956,-4.677164,-4.677164,-0.206083,"cultural"
alpaca-27729,0,21,19.4022,-5.216537,-4.724936,-0.243525,"and determined"
alpaca-13673,0,7,187.2713,-84.409714,-4.785675,-0.025555,"article review"
alpaca-07016,0,14,25.5312,-7.296562,-4.814293,-0.188565,"do you think"
alpaca-25997,0,12,15.1956,-4.942473,-4.942473,-0.325256,"5"
alpaca-09925,0,13,37.7169,-6.306938,-4.963242,-0.131592,"English to"
alpaca-32528,0,22,19.8054,-5.001692,-5.001692,-0.252542,"the"
alpaca-06165,0,11,29.1252,-19.703867,-5.034037,-0.172842,"word 'reverie'."
alpaca-35327,0,9,9.0414,-5.078758,-5.078758,-0.561720,"in"
alpaca-27623,0,16,25.2759,-5.709669,-5.080757,-0.201012,"or three"
alpaca-51089,0,18,21.0386,-5.128218,-5.128218,-0.243753,"stuffed"
alpaca-12539,0,11,29.5878,-14.331522,-5.133398,-0.173497,"Give me a"
alpaca-33484,0,10,31.4691,-5.141302,-5.141302,-0.163376,"five"
alpaca-00132,0,15,16.7713,-5.165886,-5.165886,-0.308019,"a"
alpaca-15865,0,11,24.6025,-5.173298,-5.173298,-0.210276,"product"
alpaca-21909,0,13,17.9629,-5.194757,-5.194757,-0.289193,"main"
alpaca-43993,0,9,126.7601,-5.210800,-5.210800,-0.041108,"down"
alpaca-23138,0,9,76.5284,-5.223122,-5.223122,-0.068251,"correctly."
alpaca-29674,0,12,15.6695,-5.230952,-5.230952,-0.333830,"main"
alpaca-49792,0,18,37.1183,-5.257454,-5.257454,-0.141640,"The"
alpaca-23783,0,12,21.7072,-5.259987,-5.259987,-0.242315,"database."
alpaca-39550,0,11,44.2567,-5.260662,-5.260662,-0.118867,"three"
alpaca-27707,0,15,29.4407,-5.276041,-5.276041,-0.179209,"issue.'"
alpaca-35947,0,12,36.8441,-5.290852,-5.290852,-0.143601,"two"
alpaca-26989,0,17,21.3506,-5.293955,-5.293955,-0.247954,"in"
alpaca-28548,0,12,65.7351,-12.496117,-5.305237,-0.080706,"data modeling"
alpaca-46036,0,16,18.3636,-5.353697,-5.353697,-0.291538,"following"
alpaca-04465,0,11,46.5593,-5.424828,-5.424828,-0.116514,"quite"
alpaca-46225,0,13,20.8124,-5.440466,-5.440466,-0.261405,"a"
alpaca-46514,0,18,60.7032,-8.896183,-5.471470,-0.090135,"Reason: Unexpected delay in delivery."
alpaca-20500,0,13,30.7528,-5.476473,-5.476473,-0.178081,"creative"
alpaca-49518,0,14,34.9343,-20.379868,-5.493874,-0.157263,"Life is full of surprises."
alpaca-14940,0,20,38.6029,-5.554817,-5.554817,-0.143896,"slides"
alpaca-07948,0,12,18.9614,-14.325108,-5.619698,-0.296375,"the term"
alpaca-26026,0,12,35.7276,-10.505131,-5.643303,-0.157954,"two of"
alpaca-10967,0,13,8.5972,-8.545389,-5.669583,-0.659468,"the phrase"
alpaca-37927,0,13,38.0005,-5.762230,-5.762230,-0.151635,"marketing"
alpaca-36649,0,10,47.4068,-5.764133,-5.764133,-0.121589,"Chair"
alpaca-44727,0,14,15.3431,-5.780758,-5.780758,-0.376767,"has"
alpaca-06293,0,8,47.8489,-5.786503,-5.786503,-0.120933,"techniques"
alpaca-12330,0,11,18.1659,-9.667215,-5.793058,-0.318897,"Everyday Life'."
alpaca-28612,0,15,44.0255,-7.726322,-5.968536,-0.135570,"the use of"
alpaca-38519,0,15,31.1984,-7.679562,-5.988506,-0.191949,"Find and"
alpaca-04382,0,12,11.4643,-6.008084,-6.008084,-0.524071,"software"
alpaca-27139,0,10,76.1893,-6.034035,-6.034035,-0.079198,"slow"
alpaca-36323,0,10,47.5107,-6.034660,-6.034660,-0.127017,"excellent"
alpaca-06987,0,13,11.9065,-6.112498,-6.112498,-0.513375,"new"
alpaca-12406,0,13,41.5710,-18.537621,-6.206177,-0.149291,"detective that solves mysteries"
alpaca-25550,0,11,29.9880,-33.782698,-6.258371,-0.208696,"on how"
alpaca-47125,0,7,216.0045,-6.355057,-6.355057,-0.029421,"computer."
alpaca-35776,0,11,31.0746,-12.216997,-6.424623,-0.206748,"five lines and"
alpaca-40489,0,12,27.1415,-6.440807,-6.440807,-0.237305,"given"
alpaca-22443,0,10,55.6062,-6.456341,-6.456341,-0.116108,"Name"
alpaca-36939,0,14,18.4262,-6.559290,-6.559290,-0.355977,"up"
alpaca-51947,0,17,49.5053,-6.573257,-6.573257,-0.132779,"out"
alpaca-36861,0,12,63.8767,-6.573971,-6.573971,-0.102917,"sunset':"
alpaca-37647,0,11,20.0127,-6.577969,-6.577969,-0.328689,"a"
alpaca-21886,0,15,38.6871,-6.605957,-6.605957,-0.170753,"both"
alpaca-45924,0,13,26.8599,-6.607174,-6.607174,-0.245986,"correct"
alpaca-32183,0,13,25.2925,-18.120937,-6.654533,-0.263103,"Design an"
alpaca-24559,0,9,27.7364,-6.678951,-6.678951,-0.240801,"gold."
alpaca-35062,0,10,37.7643,-6.767693,-6.767693,-0.179209,"environment"
alpaca-09327,0,13,32.7878,-6.790894,-6.790894,-0.207116,"recent"
alpaca-03348,0,9,38.3096,-6.794880,-6.794880,-0.177368,"Paris"
alpaca-34890,0,16,51.3357,-6.800827,-6.800827,-0.132478,"literature "
alpaca-28653,0,10,14.8893,-6.820795,-6.820795,-0.458100,"chatbot"
alpaca-30432,0,6,198.6721,-6.823563,-6.823563,-0.034346,"paperclip"
alpaca-25293,0,15,24.9779,-6.907118,-6.907118,-0.276529,"Edit"
alpaca-38011,0,12,22.3515,-6.936810,-6.936810,-0.310351,"great"
alpaca-06521,0,14,16.3678,-6.943020,-6.943020,-0.424189,"following"
alpaca-37861,0,17,14.5089,-12.785243,-6.956986,-0.479498,"Find a recent"
alpaca-39834,0,11,93.8936,-21.709076,-7.048546,-0.075070,"Design a"
alpaca-01676,0,10,14.2925,-7.071615,-7.071615,-0.494779,"night"
alpaca-20717,0,9,42.9865,-7.088509,-7.088509,-0.164901,"focus."
alpaca-13347,0,10,35.9665,-7.180355,-7.180355,-0.199640,"following"
alpaca-14596,0,9,35.4631,-7.249813,-7.249813,-0.204432,"amount"
alpaca-05689,0,9,13.0315,-12.383847,-7.253644,-0.556626,"what is meant by"
alpaca-02287,0,10,39.9161,-14.951393,-7.292213,-0.182688,"five basic needs of humans"
alpaca-24268,0,10,26.8940,-7.312126,-7.312126,-0.271887,"this"
alpaca-15126,0,14,24.3835,-8.043217,-7.420259,-0.304315,"a PowerPoint slide that summarizes"
alpaca-07386,0,11,27.8583,-27.354492,-7.455391,-0.267619,"of three lines"
alpaca-18453,0,10,27.7957,-7.475380,-7.475380,-0.268940,"can"
alpaca-38265,0,11,58.1218,-7.575165,-7.575165,-0.130333,"US"
alpaca-21008,0,12,51.6117,-7.575588,-7.575588,-0.146780,"given"
alpaca-12519,0,12,31.5568,-7.668613,-7.668613,-0.243010,"rounded"
alpaca-29329,0,11,21.9827,-7.701120,-7.701120,-0.350327,"US"
alpaca-27509,0,15,51.1945,-7.729786,-7.729786,-0.150989,"any"
alpaca-42872,0,17,17.5660,-7.778730,-7.778730,-0.442830,"all"
alpaca-25254,0,11,55.2941,-7.794479,-7.794479,-0.140964,"disease"
alpaca-48896,0,10,14.4883,-11.461211,-7.916583,-0.546412,"the importance of"
alpaca-24340,0,15,14.0526,-8.020707,-8.020707,-0.570764,"like"
alpaca-21394,0,7,28.7405,-11.972233,-8.033249,-0.279509,"an expression"
alpaca-19532,0,9,18.7837,-8.044136,-8.044136,-0.428250,"the"
alpaca-48391,0,9,252.9417,-8.058960,-8.058960,-0.031861,"Edit"
alpaca-19011,0,9,31.3641,-16.982922,-8.078632,-0.257576,"international relations?"
alpaca-41980,0,12,57.1574,-8.081692,-8.081692,-0.141394,"directly"
alpaca-42712,0,13,20.5104,-8.083094,-8.083094,-0.394098,"using"
alpaca-09553,0,12,16.5185,-11.945086,-8.129036,-0.492117,"virtual assistant"
alpaca-32497,0,12,39.3395,-9.119045,-8.155823,-0.207319,"pieces of"
alpaca-15598,0,18,38.5231,-8.480820,-8.210556,-0.213133,"sentence summary"
alpaca-45936,0,9,32.7729,-8.285690,-8.285690,-0.252822,"‘recursion’"
alpaca-15980,0,10,37.7919,-8.294052,-8.294052,-0.219466,"two"
alpaca-13210,0,12,61.3947,-8.393375,-8.393375,-0.136712,"scientific"
alpaca-25768,0,8,78.6365,-8.393471,-8.393471,-0.106738,"need"
alpaca-26169,0,11,31.7859,-8.398252,-8.398252,-0.264213,"Explain"
alpaca-02588,0,12,30.6115,-18.036762,-8.424927,-0.275221,"Generate a"
alpaca-17043,0,10,50.1508,-8.438259,-8.438259,-0.168258,"script"
alpaca-51544,0,7,35.1356,-8.572742,-8.572742,-0.243990,"Explain"
alpaca-46927,0,14,43.1841,-8.600533,-8.600533,-0.199160,"someone"
alpaca-28942,0,11,20.4901,-8.634512,-8.634512,-0.421399,"hoax.'"
alpaca-16788,0,13,23.5854,-8.835976,-8.835976,-0.374638,"difficult"
alpaca-13640,0,14,29.4314,-8.926086,-8.926086,-0.303285,"a"
alpaca-05621,0,8,18.1759,-9.117317,-9.117317,-0.501615,"artificial"
alpaca-05442,0,7,45.2420,-9.157642,-9.157642,-0.202415,"phrase"
alpaca-34302,0,10,32.6299,-9.218113,-9.218113,-0.282505,"not"
alpaca-26784,0,12,22.6232,-9.304800,-9.304800,-0.411295,"that"
alpaca-47872,0,11,17.8382,-9.385010,-9.385010,-0.526118,"key"
alpaca-07381,0,13,33.9235,-9.424263,-9.424263,-0.277809,"Amazon"
alpaca-05806,0,11,40.3643,-9.462223,-9.462223,-0.234421,"the"
alpaca-19727,0,11,35.0578,-12.431728,-9.465893,-0.270008,"Effects of air pollution"
alpaca-04132,0,15,28.6030,-9.554838,-9.554838,-0.334050,"software"
alpaca-01273,0,9,81.5822,-9.583916,-9.583916,-0.117476,"two"
alpaca-33708,0,18,35.3634,-9.699715,-9.699715,-0.274287,"successful"
alpaca-20001,0,11,67.9771,-14.840446,-9.763489,-0.143629,"Organizing a party."
alpaca-33469,0,10,169.4177,-92.546494,-9.798431,-0.057836,"Give two"
alpaca-04738,0,8,13.5071,-9.844859,-9.844859,-0.728867,"in"
alpaca-21653,0,12,18.5794,-9.946922,-9.946922,-0.535373,"negotiate."
alpaca-51179,0,12,10.6421,-10.147719,-10.147719,-0.953544,"a"
alpaca-20762,0,11,16.9732,-18.489868,-10.148125,-0.597893,"the letter"
alpaca-08934,0,11,25.3891,-10.206102,-10.206102,-0.401987,"meeting"
alpaca-27174,0,14,62.2383,-10.302330,-10.302330,-0.165530,"–"
alpaca-49126,0,14,18.8109,-10.366238,-10.366238,-0.551075,"stock"
alpaca-11752,0,10,15.7380,-11.703621,-10.435484,-0.663074,"data visualization tool?"
alpaca-49933,0,15,31.7686,-10.513998,-10.513998,-0.330956,"and"
alpaca-08722,0,16,58.0851,-14.070259,-10.539993,-0.181458,"Output a"
alpaca-49542,0,13,17.7706,-10.566311,-10.566311,-0.594596,"Arctic."
alpaca-51146,0,10,23.0608,-14.147928,-10.596743,-0.459514,"the terms"
alpaca-11319,0,9,29.1829,-10.698982,-10.659805,-0.365276,"the figure below"
alpaca-09190,0,10,30.3068,-27.491863,-10.723026,-0.353816,"electric cars."
alpaca-18767,0,11,20.5347,-10.736202,-10.736202,-0.522833,"monitor?"
alpaca-40584,0,11,29.1567,-23.718216,-10.775768,-0.369581,"safety at"
alpaca-49889,0,10,21.5149,-10.792290,-10.792290,-0.501620,"French."
alpaca-08842,0,8,13.5334,-10.863340,-10.863340,-0.802703,"movie"
alpaca-31568,0,9,37.3785,-10.901302,-10.901302,-0.291646,"that"
alpaca-40424,0,12,27.7159,-11.758688,-10.970179,-0.395808,"might you go"
alpaca-24802,0,10,22.0956,-11.081589,-11.081589,-0.501528,"chemical"
alpaca-07642,0,9,62.2576,-11.103306,-11.103306,-0.178345,"mathematical"
alpaca-25208,0,11,38.1893,-11.176258,-11.176258,-0.292654,"developing"
alpaca-12925,0,10,12.5825,-12.975954,-11.178516,-0.888421,"formal and informal letter?"
alpaca-14068,0,10,38.2431,-21.826698,-11.230778,-0.293668,"people living in"
alpaca-36141,0,12,31.4065,-19.361835,-11.234909,-0.357725,"an introduction for"
alpaca-22681,0,16,83.9751,-11.361740,-11.361740,-0.135299,"major"
alpaca-41547,0,16,70.3370,-14.801620,-11.377327,-0.161755,"Find the"
alpaca-24701,0,12,52.1527,-11.444206,-11.444206,-0.219436,"category-based"
alpaca-15560,0,10,33.6253,-11.446136,-11.446136,-0.340403,"bedroom."
alpaca-32736,0,9,42.2730,-11.588448,-11.588448,-0.274134,"literature."
alpaca-21766,0,9,24.9231,-22.616219,-11.622410,-0.466331,"Create a"
alpaca-46911,0,9,21.1327,-11.812277,-11.812277,-0.558958,"average"
alpaca-11645,0,16,35.4082,-11.836792,-11.836792,-0.334295,"and"
alpaca-18078,0,8,66.3848,-11.872169,-11.872169,-0.178839,"various"
alpaca-31748,0,10,49.8105,-12.006813,-12.006813,-0.241050,"advertising"
alpaca-28595,0,9,41.6221,-12.060684,-12.060684,-0.289766,"research-based"
alpaca-11139,0,9,32.3371,-12.084927,-12.084927,-0.373717,"short"
alpaca-30991,0,8,43.3494,-12.165897,-12.165897,-0.280648,"US"
alpaca-08702,0,9,31.5607,-12.191200,-12.191200,-0.386278,"'date'."
alpaca-47535,0,7,37.5211,-12.275970,-12.275970,-0.327176,"turtle"
alpaca-35577,0,8,43.2738,-12.292423,-12.292423,-0.284061,"sentence"
alpaca-31178,0,11,50.2194,-12.328316,-12.328316,-0.245489,"five"
alpaca-33009,0,9,27.2990,-18.017891,-12.424576,-0.455129,"Give an"
alpaca-46755,0,8,48.5357,-12.480686,-12.480686,-0.257144,"poem."
alpaca-26536,0,12,39.5246,-12.584770,-12.584770,-0.318404,"us"
alpaca-35303,0,12,14.9034,-12.654166,-12.654166,-0.849079,"having"
alpaca-19595,0,11,58.0396,-40.043289,-12.745476,-0.219600,"Design an"
alpaca-24475,0,8,82.6729,-158.038750,-12.938759,-0.156505,"Describe how cryptocurrencies"
alpaca-17808,0,11,75.9775,-13.043869,-13.043869,-0.171681,"to"
alpaca-13975,0,13,19.7455,-15.448631,-13.062538,-0.661544,"Describe the"
alpaca-44686,0,10,12.3357,-14.689037,-13.065344,-1.059150,"difference between"
alpaca-00781,0,10,104.5052,-39.231346,-13.072456,-0.125089,"how to achieve"
alpaca-10134,0,8,185.9608,-13.113068,-13.113068,-0.070515,"three"
alpaca-26828,0,6,99.4295,-147.516434,-13.140503,-0.132159,"media literacy."
alpaca-38750,0,10,35.5292,-13.289295,-13.289295,-0.374039,"'tendon'."
alpaca-17360,0,9,52.4354,-13.342506,-13.342506,-0.254456,"safety."
alpaca-42931,0,12,67.5062,-18.958206,-13.431511,-0.198967,"Paraphrase the sentence to"
alpaca-31870,0,6,161.6383,-13.569427,-13.569427,-0.083949,"engineer"
alpaca-34918,0,13,34.8537,-14.937050,-13.675518,-0.392370,"Design an experiment"
alpaca-05242,0,11,35.7351,-13.753048,-13.753048,-0.384861,"big"
alpaca-19973,0,9,155.7489,-13.780655,-13.780655,-0.088480,"Aster"
alpaca-01014,0,14,54.4172,-14.057957,-14.057957,-0.258337,"book."
alpaca-17188,0,9,58.8809,-14.211975,-14.211975,-0.241368,"recent"
alpaca-40500,0,10,58.2377,-37.780975,-14.260498,-0.244867,"of Reality "
alpaca-12932,0,13,44.4477,-19.700859,-14.270203,-0.321056,"five minutes."
alpaca-05612,0,10,74.7156,-14.346237,-14.346237,-0.192011,"pins"
alpaca-26582,0,10,29.0136,-14.576496,-14.576496,-0.502402,"shining'."
alpaca-39432,0,9,173.8127,-19.715561,-14.588425,-0.083932,"Name an"
alpaca-33757,0,8,172.4693,-14.825073,-14.825073,-0.085958,"architecture"
alpaca-34014,0,12,107.9912,-36.948845,-14.840645,-0.137425,"'cell phone safe-zone'"
alpaca-24031,0,9,108.4458,-14.897934,-14.897934,-0.137377,"all"
alpaca-34221,0,8,134.2284,-15.014725,-15.014725,-0.111860,"basic"
alpaca-02731,0,10,58.3126,-25.953766,-15.103584,-0.259011,"6 word"
alpaca-47541,0,12,45.2842,-15.185966,-15.185966,-0.335348,"following"
alpaca-40941,0,10,29.1569,-15.274902,-15.274902,-0.523887,"stranger."
alpaca-32188,0,11,29.3727,-17.511749,-15.277462,-0.520125,"morning routine"
alpaca-12197,0,10,18.2459,-15.284504,-15.284504,-0.837696,"a"
alpaca-41481,0,11,26.9075,-15.302435,-15.302435,-0.568704,"dealing"
alpaca-02183,0,12,39.4976,-15.302872,-15.302872,-0.387438,"digital"
alpaca-05324,0,17,56.3767,-15.332558,-15.332558,-0.271966,"game"
alpaca-05385,0,12,24.2745,-32.303583,-15.362875,-0.632881,"ethics behind animal testing"
alpaca-35211,0,12,52.0722,-15.483681,-15.483681,-0.297350,"English"
alpaca-20050,0,12,33.7570,-15.551449,-15.551449,-0.460689,"having"
alpaca-39495,0,10,32.3796,-15.662029,-15.662029,-0.483700,"a"
alpaca-09184,0,5,79.9540,-15.693840,-15.693840,-0.196286,"sustainability."
alpaca-47086,0,13,16.8257,-17.764284,-16.056776,-0.954299,"place before visiting?"
alpaca-11293,0,9,46.9661,-24.422298,-16.088394,-0.342553,"5 sports involving a ball."
alpaca-39187,0,9,49.4813,-16.126286,-16.126286,-0.325907,"two"
alpaca-11531,0,8,56.8453,-16.345272,-16.345272,-0.287540,"turning"
alpaca-38021,0,10,39.3497,-27.313320,-16.346474,-0.415416,"herding cats'."
alpaca-44742,0,11,74.1170,-26.206085,-16.348526,-0.220577,"John cooked dinner."
alpaca-40494,0,12,35.3547,-16.510910,-16.510910,-0.467007,"this"
alpaca-44833,0,6,476.6113,-16.611298,-16.611298,-0.034853,"List"
alpaca-22577,0,12,33.8498,-16.730194,-16.730194,-0.494247,"work"
alpaca-20201,0,9,88.5965,-16.807480,-16.807480,-0.189708,"previous"
alpaca-46177,0,11,41.4989,-16.962517,-16.962517,-0.408746,"Please"
alpaca-21402,0,10,32.6018,-17.114269,-17.114269,-0.524948,"idiomatic"
alpaca-36285,0,8,117.2081,-17.214470,-17.214470,-0.146871,"US."
alpaca-02652,0,8,45.9666,-17.328484,-17.328484,-0.376980,"short"
alpaca-25962,0,10,64.5134,-37.996857,-17.431480,-0.270199,"the second paragraph"
alpaca-08685,0,9,53.8349,-17.476280,-17.476280,-0.324627,"a"
alpaca-47542,0,10,56.2932,-31.619553,-17.837440,-0.316867,"5 lines."
alpaca-15796,0,7,200.1736,-18.011169,-18.011169,-0.089978,"France."
alpaca-15296,0,13,39.6562,-19.729511,-18.033329,-0.454741,"Vitamin C on"
alpaca-45024,0,9,59.5395,-18.193825,-18.193825,-0.305576,"main"
alpaca-50032,0,8,86.6362,-18.196709,-18.196709,-0.210036,"occur"
alpaca-45873,0,9,39.8205,-23.327908,-18.270958,-0.458832,"a company’s"
alpaca-16804,0,11,50.3314,-33.803383,-18.310074,-0.363790,"Roman Empire."
alpaca-26451,0,12,50.7812,-18.430843,-18.430843,-0.362946,"the"
alpaca-45145,0,11,57.8688,-42.960529,-18.543140,-0.320434,"life easier."
alpaca-48687,0,14,110.6167,-38.637604,-18.570557,-0.167882,"cotton gin"
alpaca-42314,0,12,33.1313,-19.094490,-19.094490,-0.576327,"disaster"
alpaca-42622,0,9,75.9347,-19.104820,-19.104820,-0.251595,"Android"
alpaca-00731,0,8,31.5931,-19.371986,-19.371986,-0.613172,"me"
alpaca-07830,0,10,78.9070,-21.325249,-19.527382,-0.247474,"marketing automation tools."
alpaca-09812,0,10,79.7725,-19.575706,-19.575706,-0.245394,"Name"
alpaca-21328,0,13,37.6336,-21.424114,-19.582081,-0.520335,"Find me"
alpaca-00429,0,8,29.5852,-19.693413,-19.693413,-0.665651,"#SharingIsCaring"
alpaca-34604,0,13,51.1681,-21.544338,-19.738102,-0.385750,"following movies."
alpaca-51174,0,9,138.3166,-19.769333,-19.769333,-0.142928,"bedroom"
alpaca-29405,0,14,74.0346,-28.868958,-19.866974,-0.268347,"Lying is often viewed negatively;"
alpaca-43968,0,8,153.9332,-20.017792,-20.017792,-0.130042,"five"
alpaca-46697,0,14,65.7898,-20.166039,-20.166039,-0.306522,"Diagnose"
alpaca-06482,0,11,78.0513,-30.560768,-20.211380,-0.258950,"company faster."
alpaca-19549,0,14,45.4081,-20.323708,-20.323708,-0.447578,"given"
alpaca-02562,0,14,40.6629,-20.348331,-20.348331,-0.500416,"the"
alpaca-14094,0,7,81.3434,-30.633270,-20.408089,-0.250888,"Provide two"
alpaca-50031,0,6,91.9477,-88.980827,-20.622353,-0.224284,"'peak experience'"
alpaca-49357,0,11,36.4107,-32.653481,-20.848537,-0.572593,"computer science"
alpaca-17192,0,7,26.4214,-37.917845,-20.919870,-0.791777,"type of"
alpaca-16939,0,7,65.8727,-21.005692,-21.005692,-0.318883,"book "
alpaca-19938,0,8,98.6038,-21.022957,-21.022957,-0.213206,"formal"
alpaca-08483,0,8,170.1406,-124.934006,-21.352768,-0.125501,"clothing brand."
alpaca-41606,0,12,49.1194,-21.426685,-21.426685,-0.436216,"Name"
alpaca-48869,0,9,67.1044,-21.551796,-21.551796,-0.321168,"cryptocurrency."
alpaca-45264,0,9,107.1830,-22.021286,-22.021286,-0.205455,"other"
alpaca-01101,0,9,228.7380,-22.045761,-22.045761,-0.096380,"fruits"
alpaca-20446,0,11,63.7730,-22.183144,-22.183144,-0.347845,"two"
alpaca-10648,0,10,16.8883,-22.250967,-22.250967,-1.317536,"sum."
alpaca-21599,0,10,39.3182,-22.378578,-22.378578,-0.569166,"European"
alpaca-21282,0,11,31.1978,-22.479189,-22.479189,-0.720538,"supercomputer"
alpaca-23312,0,10,31.0020,-22.655350,-22.655350,-0.730771,"closed"
alpaca-02120,0,12,61.6549,-38.384884,-22.884556,-0.371172,"a blueprint for"
alpaca-30401,0,9,24.4454,-22.888432,-22.888432,-0.936310,"format?"
alpaca-32896,0,6,99.6729,-22.895981,-22.895981,-0.229711,"summer."
alpaca-00641,0,9,70.3945,-62.809937,-23.061295,-0.327601,"TV show."
alpaca-37868,0,9,39.9660,-55.478275,-23.088570,-0.577706,"problems that technology can solve."
alpaca-12908,0,6,60.3748,-23.288757,-23.288757,-0.385736,"'festival'."
alpaca-43099,0,6,67.8954,-23.814255,-23.814255,-0.350749,"market"
alpaca-11311,0,8,53.8727,-23.881588,-23.881588,-0.443297,"using"
alpaca-38374,0,8,78.0585,-24.068802,-24.068802,-0.308343,"four"
alpaca-38735,0,8,64.5072,-34.876915,-24.113419,-0.373810,"visiting Los Angeles."
alpaca-37297,0,14,54.7741,-31.433552,-24.582188,-0.448793,"Online classes are"
alpaca-39014,0,8,76.8689,-51.794395,-24.653465,-0.320721,"at sunset"
alpaca-27593,0,7,61.7656,-24.712055,-24.712055,-0.400094,"three"
alpaca-43095,0,12,46.3360,-30.832497,-24.916023,-0.537725,"In four sentences or"
alpaca-01852,0,6,87.6453,-135.049088,-24.924728,-0.284382,"classical conditioning."
alpaca-36257,0,7,147.7551,-24.988098,-24.988098,-0.169118,"brand"
alpaca-48238,0,9,41.2994,-32.579678,-25.194363,-0.610042,"Arctic regions."
alpaca-19624,0,8,59.8048,-35.439560,-25.553459,-0.427281,"French Revolution."
alpaca-18769,0,13,60.5390,-26.377419,-25.561821,-0.422237,"someone should travel."
alpaca-03956,0,9,68.9003,-25.578964,-25.578964,-0.371246,"upcomming"
alpaca-09433,0,9,81.0875,-43.348846,-26.000885,-0.320652,"data visualization."
alpaca-41305,0,10,40.8486,-29.338440,-26.254761,-0.642733,"net neutrality."
alpaca-36479,0,9,41.7348,-38.310162,-26.356586,-0.631526,"How can"
alpaca-01326,0,7,68.2778,-94.798698,-26.464241,-0.387597,"ocean floor."
alpaca-43234,0,9,32.2403,-36.671906,-26.527966,-0.822819,"Give an"
alpaca-25030,0,9,37.1915,-26.872345,-26.872345,-0.722540,"the"
alpaca-38103,0,8,53.3641,-26.950352,-26.950352,-0.505028,"engine"
alpaca-45832,0,11,33.1498,-27.066784,-27.066784,-0.816500,"programming"
alpaca-04091,0,9,57.2932,-27.257267,-27.257267,-0.475751,"fitness"
alpaca-16342,0,9,47.5888,-27.429386,-27.429386,-0.576383,"few"
alpaca-41882,0,9,71.0648,-27.530853,-27.530853,-0.387405,"job"
alpaca-31453,0,9,24.4017,-27.574860,-27.574860,-1.130040,"a"
alpaca-47828,0,12,55.0411,-30.158848,-27.690838,-0.503094,"Write a"
alpaca-14911,0,9,77.7471,-27.696785,-27.696785,-0.356242,"political"
alpaca-28641,0,12,51.7159,-27.765820,-27.765820,-0.536892,"an"
alpaca-05136,0,9,217.9076,-75.111038,-27.798218,-0.127569,"Find the"
alpaca-24238,0,10,25.2686,-27.927979,-27.927979,-1.105246,"engines"
alpaca-01870,0,10,29.8982,-28.044628,-28.044628,-0.938004,"watching"
alpaca-07393,0,10,81.3950,-33.473923,-28.531563,-0.350532,"show leadership."
alpaca-40833,0,10,42.9497,-28.804775,-28.804775,-0.670664,"bread"
alpaca-32530,0,10,37.1029,-29.228722,-29.228722,-0.787775,"high-level"
alpaca-50529,0,11,82.3668,-29.272606,-29.272606,-0.355393,"that"
alpaca-05694,0,8,39.6039,-29.363873,-29.363873,-0.741438,"character."
alpaca-32777,0,10,32.9434,-29.512749,-29.512749,-0.895863,"a"
alpaca-50117,0,10,43.0025,-30.029732,-30.029732,-0.698325,"some"
alpaca-20038,0,9,36.0024,-30.086853,-30.086853,-0.835691,"the"
alpaca-35469,0,12,32.4889,-41.440231,-30.151054,-0.928043,"for people"
alpaca-28618,0,8,102.2153,-30.521240,-30.521240,-0.298597,"animals"
alpaca-24193,0,8,51.2884,-30.571377,-30.571377,-0.596068,"birthday."
alpaca-23878,0,4,32.1406,-30.639008,-30.639008,-0.953280,"18."
alpaca-25580,0,8,79.0981,-30.811584,-30.811584,-0.389536,"a"
alpaca-25367,0,7,45.3339,-60.108955,-31.038612,-0.684667,"one gallon?"
alpaca-26273,0,8,136.6189,-31.172928,-31.172928,-0.228174,"Zimbabwe"
alpaca-17282,0,9,43.0573,-31.218147,-31.218147,-0.725037,"fictional"
alpaca-03846,0,10,43.7285,-31.674980,-31.674980,-0.724355,"Find"
alpaca-32984,0,8,44.0501,-46.523098,-31.801136,-0.721932,"one sentence."
alpaca-15426,0,11,39.8573,-32.079365,-32.079365,-0.804855,"represent"
alpaca-34189,0,8,56.2097,-32.154491,-32.154491,-0.572046,"relational"
alpaca-13624,0,7,453.4594,-32.272125,-32.272125,-0.071169,"Name"
alpaca-03090,0,11,73.1470,-32.674522,-32.674522,-0.446697,"this"
alpaca-17681,0,6,167.2333,-94.500854,-33.085831,-0.197842,"basic income?"
alpaca-23458,0,8,136.9881,-33.256943,-33.256943,-0.242773,"out"
alpaca-24870,0,8,100.3889,-33.329002,-33.329002,-0.331999,"world."
alpaca-40493,0,9,55.2263,-48.663612,-33.374733,-0.604327,"Give three"
alpaca-08872,0,8,74.6948,-33.441788,-33.441788,-0.447712,"'jump'?"
alpaca-02758,0,9,63.4506,-50.274391,-33.826965,-0.533123,"a printer"
alpaca-23048,0,9,167.6803,-43.518753,-34.068878,-0.203178,"List the"
alpaca-28196,0,8,111.3518,-34.192162,-34.192162,-0.307064,"Identify"
alpaca-05443,0,8,92.9755,-56.689865,-35.052841,-0.377012,"a teacher"
alpaca-14950,0,6,106.7178,-76.953194,-35.350609,-0.331253,"Find the"
alpaca-30539,0,9,90.1931,-35.889015,-35.889015,-0.397913,"Design"
alpaca-36439,0,5,28.1789,-36.136623,-36.136623,-1.282402,"a"
alpaca-06042,0,7,105.6409,-226.587753,-36.243500,-0.343082,"Identify a"
alpaca-26336,0,9,103.3061,-36.640160,-36.640160,-0.354676,"content"
alpaca-30882,0,10,40.9805,-36.809547,-36.809547,-0.898222,"people"
alpaca-37977,0,12,56.2808,-36.996456,-36.996456,-0.657355,"following"
alpaca-51421,0,11,72.3535,-37.411743,-37.411743,-0.517069,"not"
alpaca-31192,0,9,60.2579,-37.447174,-37.447174,-0.621449,"Describe"
alpaca-14772,0,8,97.2814,-54.859749,-37.615440,-0.386666,"Write 5"
alpaca-00861,0,7,28.9061,-38.191442,-37.722639,-1.305004,"successful entrepreneur."
alpaca-02654,0,7,74.8509,-92.158562,-37.836525,-0.505492,"empathy to me."
alpaca-17687,0,8,115.1998,-235.117073,-38.369606,-0.333070,"Arrange a"
alpaca-00381,0,6,73.6173,-155.470543,-38.952766,-0.529125,"binary search."
alpaca-03217,0,4,128.4909,-39.292374,-39.292374,-0.305799,"bond?"
alpaca-14384,0,10,48.2079,-39.824181,-39.824181,-0.826093,"employee"
alpaca-35520,0,7,272.5280,-39.876678,-39.876678,-0.146321,"work"
alpaca-05152,0,8,36.0065,-40.115620,-40.115620,-1.114121,"healthcare?"
alpaca-04111,0,8,53.9282,-40.368073,-40.368073,-0.748552,"sports."
alpaca-45169,0,6,51.1073,-41.016399,-41.016399,-0.802554,"me"
alpaca-01175,0,9,36.2073,-52.178024,-41.016640,-1.132829,"pig and a cow."
alpaca-20856,0,10,46.3886,-58.627522,-41.455746,-0.893662,"4 sentences."
alpaca-47592,0,8,59.7188,-41.480003,-41.480003,-0.694589,"bananas "
alpaca-40630,0,6,37.2305,-41.603813,-41.603813,-1.117466,"terms"
alpaca-09407,0,7,104.3662,-41.670372,-41.670372,-0.399271,"USA."
alpaca-50064,0,8,96.2076,-41.811058,-41.811058,-0.434592,"unique"
alpaca-03689,0,7,34.8433,-42.679028,-42.679028,-1.224884,"there"
alpaca-22918,0,8,280.1907,-96.600708,-42.729706,-0.152502,"tape measures"
alpaca-42531,0,8,33.2137,-42.862759,-42.862759,-1.290514,"an"
alpaca-39704,0,8,164.3336,-247.557693,-43.329163,-0.263666,"Identify a"
alpaca-46698,0,8,56.1068,-50.906994,-44.135136,-0.786627,"and contrast"
alpaca-39847,0,9,55.6932,-44.688984,-44.688984,-0.802413,"encouraging"
alpaca-38659,0,12,109.3601,-44.961288,-44.961288,-0.411131,"someone"
alpaca-15588,0,8,59.1652,-45.864300,-45.864300,-0.775191,"'M'."
alpaca-13234,0,10,92.3398,-63.888969,-46.100395,-0.499247,"Analyze the following"
alpaca-35383,0,7,146.6558,-46.225464,-46.225464,-0.315197,"scientific"
alpaca-13645,0,9,48.4821,-46.525845,-46.525845,-0.959650,"scientific"
alpaca-39026,0,5,83.9794,-46.736305,-46.736305,-0.556521,"'YOLO'."
alpaca-07677,0,5,65.2685,-47.144928,-47.144928,-0.722322,"seconds."
alpaca-31997,0,9,98.5615,-47.249855,-47.249855,-0.479395,"scrambled"
alpaca-47445,0,8,47.8911,-47.380230,-47.380230,-0.989332,"an"
alpaca-17926,0,8,74.7917,-47.729332,-47.729332,-0.638163,"businesses?"
alpaca-29859,0,6,132.3576,-47.751495,-47.751495,-0.360776,"Explain"
alpaca-32693,0,9,93.0038,-61.293251,-48.523338,-0.521735,"Produce a pun"
alpaca-34839,0,8,247.2823,-49.455734,-49.455734,-0.199997,"run"
alpaca-23365,0,7,120.5493,-50.157875,-50.157875,-0.416078,"chatbots"
alpaca-12631,0,8,42.4106,-50.911724,-50.911724,-1.200448,"product"
alpaca-17737,0,8,144.3883,-124.109863,-50.981827,-0.353088,"performance optimization."
alpaca-46909,0,8,195.1052,-51.071259,-51.071259,-0.261763,"List"
alpaca-26355,0,9,71.5792,-51.630676,-51.630676,-0.721309,"mountain."
alpaca-18011,0,8,48.3571,-52.430016,-52.430016,-1.084225,"an"
alpaca-10532,0,11,101.6442,-52.868645,-52.868645,-0.520135,"mights"
alpaca-48323,0,9,99.8420,-52.980820,-52.980820,-0.530647,"fantasy"
alpaca-15379,0,8,76.9674,-53.390938,-53.390938,-0.693682,"Find"
alpaca-42509,0,7,62.6525,-54.598785,-54.598785,-0.871454,"Catholic"
alpaca-07258,0,7,56.1499,-56.314243,-56.314243,-1.002927,"partner."
alpaca-28232,0,10,282.7032,-56.761688,-56.761688,-0.200782,"Name"
alpaca-36363,0,10,58.1506,-57.758869,-57.758869,-0.993264,"an"
alpaca-25436,0,8,72.3747,-65.550858,-58.142731,-0.803357,"keyword 'time'."
alpaca-28304,0,9,140.3627,-58.218002,-58.218002,-0.414768,"UI"
alpaca-34934,0,8,53.7799,-59.211342,-59.211342,-1.100993,"using"
alpaca-04489,0,6,48.9020,-59.865982,-59.865982,-1.224203,"of"
alpaca-02020,0,8,98.3339,-89.674873,-60.335503,-0.613578,"Design a"
alpaca-47957,0,7,72.7884,-110.406494,-60.695160,-0.833857,"significance of"
alpaca-13337,0,9,118.6877,-130.703636,-60.820961,-0.512445,"Apple and Orange."
alpaca-26149,0,11,74.8046,-61.775810,-61.689018,-0.824669,"Explain why"
alpaca-41536,0,7,30.4437,-62.440321,-62.440321,-2.051010,"hashtag"
alpaca-18073,0,9,50.1947,-62.459770,-62.459770,-1.244349,"media"
alpaca-31072,0,6,115.3006,-62.836411,-62.836411,-0.544979,"'HTML'?"
alpaca-16907,0,7,92.7355,-63.005257,-63.005257,-0.679409,"different"
alpaca-13499,0,8,64.7201,-112.300606,-64.805840,-1.001325,"Explain how"
alpaca-46894,0,7,162.7614,-118.739151,-66.593689,-0.409149,"advertising industry."
alpaca-30932,0,8,48.0019,-67.709801,-67.709801,-1.410566,"encoding"
alpaca-13599,0,6,83.6142,-67.769783,-67.769783,-0.810505,"windowsill"
alpaca-16054,0,9,64.3786,-68.739304,-68.739304,-1.067735,"adventure"
alpaca-18433,0,8,95.3641,-69.482422,-69.482422,-0.728602,"Canada?"
alpaca-20625,0,8,169.4889,-70.103210,-70.103210,-0.413615,"integrity."
alpaca-36290,0,6,163.7346,-71.244873,-71.244873,-0.435124,"'Yechh'"
alpaca-43072,0,8,64.9716,-125.246208,-73.362679,-1.129149,"fake news"
alpaca-24336,0,6,53.0676,-162.886139,-77.865738,-1.467292,"three columns."
alpaca-17213,0,8,85.0511,-79.137917,-79.137917,-0.930475,"poses"
alpaca-23667,0,6,206.4574,-79.407364,-79.407364,-0.384619,"purpose"
alpaca-02951,0,7,212.2201,-79.963913,-79.963913,-0.376797,"Thanksgiving"
alpaca-09138,0,10,122.1217,-80.177254,-80.177254,-0.656535,"exercise"
alpaca-07240,0,5,105.5219,-82.281876,-82.281876,-0.779761,"Explain"
alpaca-25602,0,5,153.7111,-83.830383,-83.830383,-0.545376,"life"
alpaca-37418,0,6,82.8056,-91.789040,-85.051750,-1.027125,"better sleep?"
alpaca-42768,0,9,40.9643,-110.239037,-86.845276,-2.120026,"Compose a"
alpaca-14430,0,6,205.3532,-87.197662,-87.197662,-0.424623,"star."
alpaca-27136,0,9,91.6846,-90.453705,-90.453705,-0.986575,"customer"
alpaca-17588,0,6,87.9473,-90.877785,-90.877785,-1.033321,"more"
alpaca-07453,0,6,158.3638,-92.532166,-92.532166,-0.584301,"me"
alpaca-13773,0,6,414.3221,-94.639557,-94.639557,-0.228420,"Carbon"
alpaca-13070,0,6,591.6214,-118.682495,-94.645203,-0.159976,"Minecraft world seed."
alpaca-46788,0,8,74.7297,-95.611275,-95.611275,-1.279428,"one"
alpaca-18722,0,8,124.1329,-96.692360,-96.692360,-0.778942,"Propose"
alpaca-27182,0,7,49.5804,-96.867294,-96.867294,-1.953743,"rainy"
alpaca-25678,0,7,159.8056,-97.380692,-97.380692,-0.609370,"three"
alpaca-28651,0,7,91.9315,-97.436607,-97.436607,-1.059883,"algorithm"
alpaca-49290,0,6,145.5747,-101.618790,-101.618790,-0.698052,"Give"
alpaca-45862,0,7,71.5219,-101.683098,-101.683098,-1.421706,"tackle"
alpaca-11961,0,7,50.0005,-105.032482,-105.032482,-2.100630,"a"
alpaca-21657,0,6,75.7969,-199.660347,-109.459373,-1.444114,"'zero gravity'."
alpaca-33795,0,8,596.9852,-167.070251,-112.498779,-0.188445,"Name a"
alpaca-17667,0,6,237.6167,-118.262527,-118.262527,-0.497703,"banana"
alpaca-25696,0,6,204.5166,-118.338165,-118.338165,-0.578624,"Explain"
alpaca-05261,0,7,62.0185,-119.634480,-119.634480,-1.929012,"scientific"
alpaca-47016,0,9,158.3253,-126.712799,-123.879120,-0.782434,"Design a poster featuring the"
alpaca-33848,0,6,189.1284,-125.741577,-125.741577,-0.664848,"money."
alpaca-20074,0,5,136.6358,-129.494476,-129.494476,-0.947735,"grams"
alpaca-27214,0,6,82.7983,-143.903824,-137.303192,-1.658285,"Suggest one"
alpaca-00345,0,6,71.4434,-137.417778,-137.417778,-1.923448,"renewable"
alpaca-34392,0,7,72.7337,-165.677109,-140.327499,-1.929333,"light plays"
alpaca-44409,0,6,192.6170,-142.361893,-142.361893,-0.739093,"would"
alpaca-26962,0,7,277.9573,-147.134491,-147.134491,-0.529342,"two"
alpaca-25056,0,7,81.9729,-149.871841,-149.871841,-1.828310,"Discuss"
alpaca-29617,0,8,204.2607,-150.611084,-150.611084,-0.737347,"online"
alpaca-02004,0,7,190.0880,-155.901184,-155.901184,-0.820153,"US."
alpaca-47063,0,6,70.5342,-163.471336,-163.471336,-2.317619,"Alan"
alpaca-24183,0,6,129.1268,-172.142242,-172.142242,-1.333126,"data"
alpaca-29252,0,6,139.6342,-174.511337,-174.511337,-1.249775,"effective"
alpaca-12545,0,7,170.7124,-181.527390,-181.527390,-1.063352,"three"
alpaca-48771,0,6,208.1094,-182.429855,-182.429855,-0.876606,"code"
alpaca-40568,0,6,175.4725,-193.630615,-193.630615,-1.103481,"spending"
alpaca-16279,0,6,102.2051,-203.493469,-203.493469,-1.991030,"5"
alpaca-07349,0,6,178.7102,-302.040436,-208.040863,-1.164124,"Amazon and Alibaba"
alpaca-07408,0,7,173.5275,-378.657913,-210.493240,-1.213026,"Design a"
alpaca-22708,0,7,125.9615,-222.389420,-222.389420,-1.765534,"data"
alpaca-44406,0,7,1347.1720,-457.820068,-231.124512,-0.171563,"expressing sadness."
alpaca-02367,0,7,1182.3156,-244.468628,-244.468628,-0.206771,"total"
alpaca-45105,0,6,1185.2667,-247.267578,-247.267578,-0.208618,"commercial"
alpaca-50993,0,5,271.7476,-257.747833,-257.747833,-0.948483,"family"
alpaca-10250,0,7,285.3676,-444.052612,-266.455627,-0.933728,"Geometry of Chaos is."
alpaca-46328,0,5,667.8060,-273.109863,-273.109863,-0.408966,"traditional"
alpaca-51876,0,7,103.4569,-274.736542,-274.736542,-2.655566,"starting"
alpaca-51566,0,6,195.7207,-290.115311,-290.115311,-1.482293,"mutual"
alpaca-33252,0,7,1076.8566,-429.903076,-306.591431,-0.284710,"[bird migration]."
alpaca-39563,0,5,397.3761,-832.883148,-306.930450,-0.772393,"blackhole forms."
alpaca-44765,0,5,860.0770,-308.184448,-308.184448,-0.358322,"winter"
alpaca-49220,0,6,243.8603,-323.323013,-323.323013,-1.325854,"vegetables."
alpaca-38019,0,6,450.7201,-327.660156,-327.660156,-0.726970,"Agile."
alpaca-25854,0,6,81.3079,-333.118393,-333.118393,-4.097000,"ecosystems?"
alpaca-49723,0,7,589.7351,-341.344055,-341.344055,-0.578809,"List"
alpaca-40388,0,5,663.3574,-415.207397,-415.207397,-0.625918,"mountain."
alpaca-14928,0,6,256.8731,-850.056244,-443.968170,-1.728356,"rainbow is created."
alpaca-32373,0,4,391.5526,-454.576202,-454.576202,-1.160958,"snacks."
alpaca-27550,0,5,405.1212,-473.099854,-473.099854,-1.167798,"customer"
alpaca-09344,0,6,243.1282,-511.983307,-511.983307,-2.105816,"three"
alpaca-44591,0,5,387.2665,-517.632355,-517.632355,-1.336631,"funny!"
alpaca-45612,0,5,275.0627,-535.566010,-535.566010,-1.947069,"Mars."
alpaca-47562,0,5,225.4551,-584.243057,-584.243057,-2.591395,"decision-making"
alpaca-03372,0,7,264.1316,-620.014374,-620.014374,-2.347369,"cyber"
alpaca-50125,0,5,507.0389,-652.552307,-652.552307,-1.286987,"snow."
alpaca-44631,0,5,1088.1224,-1605.503540,-716.786133,-0.658737,"Name three"
alpaca-22874,0,4,979.7226,-754.710632,-754.710632,-0.770331,"saying."
alpaca-32454,0,5,448.7100,-909.049438,-909.049438,-2.025918,"checklist."
alpaca-25959,0,6,571.9205,-1536.628357,-1536.628357,-2.686787,"Design"
alpaca-24574,0,4,254.8304,-1788.159058,-1788.159058,-7.017054,"night."
alpaca-51522,0,5,3101.2671,-2461.971680,-2461.971680,-0.793860,"Name"
alpaca-19568,0,4,739.4202,-2627.994568,-2627.994568,-3.554129,"tennis"
alpaca-45964,0,4,758.0571,-2886.470703,-2886.470703,-3.807722,"contract."
alpaca-16981,0,4,2344.8560,-2913.052734,-2913.052734,-1.242316,"a"
alpaca-27302,0,4,3964.8789,-3828.368164,-3828.368164,-0.965570,"equation"
alpaca-33552,0,4,2824.4119,-8745.895752,-8745.895752,-3.096537,"three"
